Station ID,Latitude,Longitude,Address,Charger Type,Cost (USD/kWh),Availability,Distance to City (km),Usage Stats (avg users/day),Station Operator,Charging Capacity (kW),Connector Types,Installation Year,Renewable Energy Source,Reviews (Rating),Parking Spots,Maintenance Frequency
EVS00001,-33.400998,77.974972,"4826 Random Rd, City 98, Country",AC Level 2,0.27,9:00-18:00,4.95,35,EVgo,350,"CCS, CHAdeMO",2013,Yes,4.0,7,Annually
EVS00011,19.944111,26.228083,"7123 Random Rd, City 463, Country",AC Level 1,0.39,9:00-18:00,17.42,59,EVgo,22,"Tesla, CHAdeMO",2013,No,3.7,5,Quarterly
EVS00021,81.568159,-92.791385,"6470 Random Rd, City 207, Country",DC Fast Charger,0.3,6:00-22:00,10.43,43,Ionity,150,"CHAdeMO, Tesla",2016,Yes,3.3,10,Quarterly
EVS00031,53.03844,17.213144,"8491 Random Rd, City 59, Country",AC Level 2,0.17,24/7,9.13,36,Tesla,22,"CHAdeMO, CCS",2018,Yes,3.6,5,Quarterly
EVS00041,-52.343695,-47.887828,"1309 Random Rd, City 47, Country",AC Level 1,0.44,6:00-22:00,2.03,20,EVgo,350,Tesla,2014,No,5.0,3,Annually
EVS00051,68.997157,173.396684,"7905 Random Rd, City 102, Country",AC Level 1,0.45,24/7,2.29,75,EVgo,50,CHAdeMO,2022,No,5.0,9,Annually
EVS00061,35.844347,28.705089,"5140 Random Rd, City 50, Country",DC Fast Charger,0.33,9:00-18:00,14.4,75,Ionity,22,Tesla,2020,No,4.6,4,Quarterly
EVS00071,81.083548,138.025159,"6980 Random Rd, City 205, Country",AC Level 2,0.44,9:00-18:00,11.03,19,Greenlots,50,CCS,2017,Yes,4.0,3,Monthly
EVS00081,-48.226753,-41.530541,"7612 Random Rd, City 96, Country",AC Level 2,0.35,9:00-18:00,5.63,91,EVgo,350,CHAdeMO,2023,No,4.1,10,Annually
EVS00091,34.909016,103.164075,"9222 Random Rd, City 384, Country",AC Level 1,0.19,24/7,11.59,98,Ionity,150,Tesla,2015,Yes,4.3,10,Monthly
EVS00101,10.942627,125.16781,"7940 Random Rd, City 40, Country",DC Fast Charger,0.12,24/7,3.06,22,ChargePoint,50,Tesla,2013,Yes,3.2,1,Quarterly
EVS00111,-16.299957,56.504931,"7129 Random Rd, City 300, Country",DC Fast Charger,0.15,6:00-22:00,7.14,43,Ionity,350,Type 2,2010,Yes,3.2,7,Quarterly
EVS00121,-39.773789,-118.454132,"950 Random Rd, City 136, Country",DC Fast Charger,0.4,24/7,6.67,92,Tesla,150,"CCS, Type 2",2017,Yes,3.6,3,Annually
EVS00131,32.988859,32.234936,"8806 Random Rd, City 293, Country",AC Level 1,0.16,6:00-22:00,16.3,28,Tesla,50,CCS,2012,Yes,4.5,1,Annually
EVS00141,-50.498253,-91.137594,"8709 Random Rd, City 424, Country",AC Level 1,0.35,6:00-22:00,13.3,87,Tesla,22,"CCS, Type 2",2010,No,4.7,6,Quarterly
EVS00151,-13.956652,77.822198,"9467 Random Rd, City 394, Country",AC Level 2,0.5,9:00-18:00,19.37,22,Ionity,50,CCS,2013,Yes,3.2,7,Quarterly
EVS00161,79.688544,-145.764185,"4227 Random Rd, City 428, Country",AC Level 2,0.12,9:00-18:00,14.91,53,ChargePoint,22,"CCS, Tesla",2016,No,4.9,3,Annually
EVS00171,46.166127,-87.073986,"8513 Random Rd, City 75, Country",AC Level 1,0.17,9:00-18:00,6.24,21,EVgo,150,Type 2,2015,Yes,3.2,5,Annually
EVS00181,-9.607391,161.811368,"7167 Random Rd, City 496, Country",AC Level 2,0.14,6:00-22:00,5.29,79,Ionity,22,"Type 2, Tesla",2019,No,4.4,6,Annually
EVS00191,-30.463477,72.967255,"9687 Random Rd, City 275, Country",AC Level 2,0.25,24/7,1.49,78,Ionity,150,"Type 2, Tesla",2017,Yes,4.3,2,Quarterly
EVS00201,69.714553,92.357163,"7820 Random Rd, City 148, Country",AC Level 1,0.38,6:00-22:00,19.15,19,Greenlots,150,"Tesla, CCS",2023,No,4.8,7,Monthly
EVS00211,38.12088,115.97817,"3257 Random Rd, City 66, Country",AC Level 1,0.43,24/7,7.52,43,Greenlots,50,"Tesla, Type 2",2014,Yes,3.5,4,Monthly
EVS00221,81.886622,-43.849635,"3372 Random Rd, City 151, Country",AC Level 1,0.3,6:00-22:00,14.6,73,EVgo,150,Type 2,2023,Yes,4.1,9,Annually
EVS00231,-84.73177,-63.29619,"9516 Random Rd, City 95, Country",AC Level 2,0.19,24/7,2.77,60,Greenlots,22,"CCS, Tesla",2018,Yes,4.6,7,Annually
EVS00241,-86.59932,-161.131751,"946 Random Rd, City 69, Country",AC Level 1,0.3,6:00-22:00,5.66,67,Greenlots,350,CCS,2011,Yes,4.8,3,Quarterly
EVS00251,78.74773,-132.392406,"8144 Random Rd, City 88, Country",DC Fast Charger,0.29,9:00-18:00,13.59,53,EVgo,22,"CHAdeMO, Tesla",2019,No,4.1,9,Monthly
EVS00261,28.281488,-125.849439,"4938 Random Rd, City 479, Country",AC Level 2,0.21,9:00-18:00,3.99,49,EVgo,50,CCS,2016,No,4.6,6,Quarterly
EVS00271,6.75617,79.80785,"1215 Random Rd, City 269, Country",AC Level 2,0.16,6:00-22:00,6.52,94,ChargePoint,50,CHAdeMO,2012,No,3.5,4,Annually
EVS00281,26.820762,-144.266635,"7068 Random Rd, City 179, Country",AC Level 2,0.5,9:00-18:00,2.04,48,EVgo,150,Type 2,2017,Yes,3.8,5,Annually
EVS00291,38.047158,-123.505751,"6615 Random Rd, City 372, Country",AC Level 1,0.23,6:00-22:00,8.49,38,Tesla,22,Tesla,2011,Yes,3.2,4,Annually
EVS00301,31.921604,-154.677102,"5492 Random Rd, City 24, Country",DC Fast Charger,0.22,6:00-22:00,8.22,94,Tesla,50,CCS,2014,Yes,3.8,10,Annually
EVS00311,53.587489,29.812447,"2931 Random Rd, City 265, Country",AC Level 1,0.2,6:00-22:00,12.26,86,ChargePoint,350,Type 2,2022,No,3.9,2,Monthly
EVS00321,-34.439497,-100.76587,"9748 Random Rd, City 276, Country",AC Level 1,0.16,24/7,7.37,29,ChargePoint,150,"Tesla, Type 2",2019,No,5.0,10,Annually
EVS00331,75.525967,13.354648,"9481 Random Rd, City 246, Country",AC Level 1,0.13,24/7,10.27,47,Greenlots,350,"CCS, CHAdeMO",2013,Yes,4.8,1,Quarterly
EVS00341,20.755408,102.61065,"9485 Random Rd, City 282, Country",AC Level 1,0.31,6:00-22:00,10.98,43,Greenlots,350,Tesla,2016,Yes,3.1,2,Annually
EVS00351,-27.21703,73.606328,"2613 Random Rd, City 467, Country",DC Fast Charger,0.42,6:00-22:00,0.53,10,Ionity,150,Type 2,2016,Yes,3.3,8,Monthly
EVS00361,7.193091,116.580502,"7746 Random Rd, City 194, Country",DC Fast Charger,0.32,6:00-22:00,1.73,59,ChargePoint,150,"CHAdeMO, Tesla",2012,No,4.9,10,Monthly
EVS00371,23.711631,107.088333,"1968 Random Rd, City 203, Country",DC Fast Charger,0.41,9:00-18:00,14.9,90,ChargePoint,50,"Type 2, CHAdeMO",2022,Yes,3.1,7,Monthly
EVS00381,27.853343,147.665148,"4164 Random Rd, City 148, Country",AC Level 1,0.43,24/7,1.29,27,Tesla,22,"CHAdeMO, CCS",2022,No,3.8,2,Annually
EVS00391,66.871364,-151.692426,"1766 Random Rd, City 244, Country",AC Level 2,0.12,6:00-22:00,1.92,34,ChargePoint,150,"Tesla, Type 2",2020,Yes,4.1,4,Monthly
EVS00401,-30.225616,138.749389,"9693 Random Rd, City 411, Country",DC Fast Charger,0.1,6:00-22:00,11.19,36,EVgo,50,Type 2,2018,No,3.3,10,Monthly
EVS00411,-54.623091,-114.499927,"7743 Random Rd, City 364, Country",DC Fast Charger,0.37,24/7,3.37,19,EVgo,350,"CHAdeMO, CCS",2017,Yes,3.7,3,Annually
EVS00421,-80.166124,73.697969,"3063 Random Rd, City 490, Country",AC Level 1,0.27,6:00-22:00,4.48,40,Ionity,350,CHAdeMO,2017,No,4.0,10,Quarterly
EVS00431,-28.460678,-43.111786,"3609 Random Rd, City 318, Country",AC Level 2,0.18,24/7,13.88,61,Greenlots,150,CHAdeMO,2019,Yes,4.6,10,Annually
EVS00441,-50.521439,78.744473,"529 Random Rd, City 491, Country",AC Level 1,0.43,9:00-18:00,8.68,59,Ionity,50,"CHAdeMO, CCS",2016,No,4.5,1,Monthly
EVS00451,68.448107,121.743094,"4727 Random Rd, City 355, Country",AC Level 1,0.25,9:00-18:00,11.76,56,Tesla,350,CHAdeMO,2012,No,4.5,10,Annually
EVS00461,-54.546381,-166.282053,"1747 Random Rd, City 346, Country",AC Level 1,0.19,6:00-22:00,19.69,14,Greenlots,22,Tesla,2014,Yes,4.8,6,Quarterly
EVS00471,-22.883204,140.494732,"6659 Random Rd, City 47, Country",AC Level 1,0.35,9:00-18:00,8.01,99,Greenlots,350,Type 2,2014,Yes,4.8,4,Annually
EVS00481,-80.723496,179.664661,"3548 Random Rd, City 4, Country",AC Level 2,0.4,24/7,19.28,88,ChargePoint,22,CHAdeMO,2013,No,3.7,5,Monthly
EVS00491,-51.852151,154.239807,"7062 Random Rd, City 239, Country",AC Level 2,0.22,24/7,13.65,37,Tesla,350,CCS,2020,No,3.3,10,Quarterly
EVS00501,10.060762,66.813097,"9132 Random Rd, City 321, Country",DC Fast Charger,0.45,24/7,12.04,51,EVgo,22,CHAdeMO,2010,Yes,3.3,5,Monthly
EVS00511,-22.699389,-55.913894,"9405 Random Rd, City 16, Country",DC Fast Charger,0.32,9:00-18:00,17.47,92,Greenlots,350,"Type 2, CCS",2023,No,3.9,10,Annually
EVS00521,59.032387,52.728015,"4323 Random Rd, City 261, Country",AC Level 1,0.27,6:00-22:00,18.25,48,EVgo,22,"CHAdeMO, Tesla",2017,Yes,4.0,7,Quarterly
EVS00531,-72.947238,-109.560367,"1424 Random Rd, City 425, Country",DC Fast Charger,0.37,24/7,9.91,86,Greenlots,22,"CHAdeMO, CCS",2018,Yes,4.8,4,Annually
EVS00541,-67.946777,-62.890181,"583 Random Rd, City 493, Country",DC Fast Charger,0.48,9:00-18:00,3.95,68,EVgo,22,"Type 2, Tesla",2015,No,4.7,8,Quarterly
EVS00551,-3.033356,-148.095781,"4455 Random Rd, City 82, Country",DC Fast Charger,0.15,24/7,15.32,75,EVgo,350,Type 2,2015,No,4.3,1,Quarterly
EVS00561,1.597832,-117.898763,"2851 Random Rd, City 447, Country",AC Level 2,0.4,6:00-22:00,17.39,58,EVgo,350,Type 2,2019,Yes,3.9,6,Quarterly
EVS00571,51.465721,-79.496805,"5571 Random Rd, City 321, Country",DC Fast Charger,0.17,6:00-22:00,19.21,48,ChargePoint,350,CCS,2017,No,4.1,9,Monthly
EVS00581,85.165465,148.11895,"1643 Random Rd, City 188, Country",AC Level 2,0.49,6:00-22:00,0.62,32,EVgo,150,Type 2,2011,No,3.3,10,Monthly
EVS00591,48.958369,54.050978,"8907 Random Rd, City 240, Country",AC Level 1,0.26,24/7,13.33,42,Greenlots,150,"CHAdeMO, CCS",2022,No,3.7,6,Quarterly
EVS00601,61.004456,49.650308,"3002 Random Rd, City 19, Country",AC Level 2,0.18,24/7,18.25,75,Greenlots,50,"CHAdeMO, Tesla",2014,Yes,4.3,9,Quarterly
EVS00611,9.932822,-104.895662,"9809 Random Rd, City 237, Country",AC Level 2,0.12,6:00-22:00,13.09,14,Ionity,350,"Tesla, Type 2",2023,Yes,4.3,8,Monthly
EVS00621,-52.436257,-100.427993,"51 Random Rd, City 224, Country",DC Fast Charger,0.48,6:00-22:00,11.47,74,Tesla,22,Tesla,2018,Yes,3.1,10,Annually
EVS00631,84.778257,100.635136,"8416 Random Rd, City 428, Country",DC Fast Charger,0.25,6:00-22:00,4.83,81,Ionity,350,CCS,2022,No,3.6,3,Quarterly
EVS00641,-83.184662,4.729684,"826 Random Rd, City 378, Country",AC Level 2,0.14,9:00-18:00,4.19,22,EVgo,150,"CCS, CHAdeMO",2020,No,4.8,9,Annually
EVS00651,0.634947,-155.488034,"6747 Random Rd, City 92, Country",DC Fast Charger,0.15,9:00-18:00,10.16,39,Tesla,50,CHAdeMO,2022,No,4.3,3,Annually
EVS00661,13.3136,-170.999427,"9591 Random Rd, City 452, Country",AC Level 1,0.16,9:00-18:00,10.37,42,EVgo,50,"Tesla, CHAdeMO",2021,No,4.7,5,Monthly
EVS00671,-38.401154,-94.166021,"2766 Random Rd, City 69, Country",DC Fast Charger,0.41,24/7,19.35,67,Ionity,350,CCS,2010,Yes,4.7,9,Annually
EVS00681,-65.289391,-166.431613,"6231 Random Rd, City 229, Country",AC Level 1,0.16,6:00-22:00,11.2,46,Tesla,350,"Type 2, CCS",2023,Yes,4.8,1,Quarterly
EVS00691,-3.262639,59.851446,"6605 Random Rd, City 437, Country",AC Level 2,0.17,6:00-22:00,18.04,24,Tesla,50,CCS,2021,Yes,4.6,8,Annually
EVS00701,36.953117,86.817203,"9726 Random Rd, City 164, Country",AC Level 1,0.49,24/7,1.87,85,Greenlots,50,Tesla,2022,No,4.8,1,Monthly
EVS00711,-3.003449,125.537403,"9899 Random Rd, City 245, Country",AC Level 2,0.17,6:00-22:00,6.44,15,Tesla,22,Tesla,2011,No,4.1,5,Monthly
EVS00721,32.388876,-160.990132,"1220 Random Rd, City 311, Country",DC Fast Charger,0.1,24/7,14.0,74,ChargePoint,50,"CCS, CHAdeMO",2019,Yes,3.4,1,Monthly
EVS00731,56.879558,-68.582214,"4434 Random Rd, City 403, Country",DC Fast Charger,0.36,9:00-18:00,8.39,20,Ionity,50,"Type 2, CCS",2014,No,3.9,10,Quarterly
EVS00741,-46.565147,71.345476,"3219 Random Rd, City 257, Country",AC Level 1,0.35,9:00-18:00,6.71,14,Greenlots,350,"CHAdeMO, Type 2",2021,No,4.5,10,Monthly
EVS00751,5.478485,157.97671,"5270 Random Rd, City 355, Country",DC Fast Charger,0.48,24/7,1.21,81,ChargePoint,150,Tesla,2017,No,3.9,5,Quarterly
EVS00761,35.01421,-68.761526,"6072 Random Rd, City 65, Country",AC Level 2,0.28,6:00-22:00,19.37,86,Tesla,350,"CHAdeMO, CCS",2013,No,3.9,10,Annually
EVS00771,-82.853337,-171.878498,"5713 Random Rd, City 88, Country",AC Level 1,0.45,9:00-18:00,9.83,78,EVgo,350,Type 2,2012,No,3.9,10,Quarterly
EVS00781,-34.610485,75.731554,"6681 Random Rd, City 132, Country",AC Level 2,0.26,9:00-18:00,5.26,19,Greenlots,150,"CHAdeMO, Type 2",2014,No,3.1,3,Monthly
EVS00791,-60.241584,178.89106,"9478 Random Rd, City 114, Country",AC Level 2,0.48,9:00-18:00,1.64,65,Ionity,50,Tesla,2022,No,4.5,1,Quarterly
EVS00801,-40.857002,144.288964,"9326 Random Rd, City 47, Country",DC Fast Charger,0.38,24/7,5.86,55,Greenlots,50,CCS,2011,No,4.6,7,Annually
EVS00811,63.474893,97.343074,"9096 Random Rd, City 366, Country",AC Level 2,0.31,9:00-18:00,18.96,79,ChargePoint,150,"CCS, Tesla",2017,No,3.7,7,Annually
EVS00821,-50.676136,-30.236841,"5675 Random Rd, City 415, Country",AC Level 2,0.49,6:00-22:00,7.1,48,Ionity,150,CHAdeMO,2012,No,3.1,1,Quarterly
EVS00831,39.465607,-24.879219,"2039 Random Rd, City 45, Country",DC Fast Charger,0.25,24/7,14.62,70,Ionity,350,"CHAdeMO, CCS",2023,Yes,4.1,1,Annually
EVS00841,-45.801232,-45.928271,"4738 Random Rd, City 17, Country",AC Level 1,0.13,24/7,2.26,50,Greenlots,150,"CCS, CHAdeMO",2013,No,3.7,5,Monthly
EVS00851,-45.063217,25.414375,"2585 Random Rd, City 89, Country",AC Level 1,0.12,9:00-18:00,12.94,97,Greenlots,22,"CCS, Tesla",2011,Yes,3.2,2,Annually
EVS00861,23.818488,-148.611601,"3783 Random Rd, City 477, Country",AC Level 1,0.2,24/7,19.52,98,Greenlots,150,Type 2,2012,No,4.8,4,Monthly
EVS00871,-35.227662,112.842774,"5488 Random Rd, City 118, Country",AC Level 1,0.4,24/7,17.99,86,Greenlots,350,"Tesla, Type 2",2019,No,4.4,1,Annually
EVS00881,71.523671,-1.442445,"2943 Random Rd, City 27, Country",DC Fast Charger,0.29,6:00-22:00,4.03,75,Ionity,50,CHAdeMO,2016,No,3.1,5,Quarterly
EVS00891,-84.755582,-125.733908,"1904 Random Rd, City 158, Country",DC Fast Charger,0.4,9:00-18:00,2.82,78,ChargePoint,150,"CCS, Type 2",2016,Yes,4.5,2,Annually
EVS00901,-48.631504,112.179426,"6039 Random Rd, City 65, Country",AC Level 2,0.16,24/7,12.39,68,Tesla,50,"CCS, CHAdeMO",2019,Yes,4.7,9,Quarterly
EVS00911,-59.187341,-142.692946,"8969 Random Rd, City 330, Country",AC Level 2,0.46,6:00-22:00,18.41,80,Tesla,50,Type 2,2017,Yes,4.9,10,Monthly
EVS00921,-35.633636,36.810201,"1671 Random Rd, City 37, Country",AC Level 1,0.38,6:00-22:00,17.12,81,Tesla,350,"CHAdeMO, CCS",2020,Yes,4.4,6,Annually
EVS00931,-59.872218,-148.048341,"274 Random Rd, City 287, Country",AC Level 1,0.34,6:00-22:00,2.85,99,ChargePoint,50,"Type 2, CHAdeMO",2013,Yes,3.2,1,Quarterly
EVS00941,4.047121,-168.675674,"9185 Random Rd, City 377, Country",DC Fast Charger,0.16,24/7,4.82,10,Greenlots,50,Type 2,2023,Yes,4.3,7,Quarterly
EVS00951,68.260455,20.084404,"7586 Random Rd, City 234, Country",DC Fast Charger,0.39,9:00-18:00,12.83,68,Tesla,50,CHAdeMO,2013,No,4.4,5,Quarterly
EVS00961,68.12537,-162.60592,"5928 Random Rd, City 350, Country",DC Fast Charger,0.22,9:00-18:00,4.76,31,Ionity,150,"CCS, Tesla",2019,No,3.2,6,Quarterly
EVS00971,43.912876,-52.471869,"668 Random Rd, City 378, Country",DC Fast Charger,0.37,9:00-18:00,8.52,77,Ionity,150,Type 2,2011,No,4.7,9,Monthly
EVS00981,72.657084,159.567391,"2081 Random Rd, City 181, Country",AC Level 2,0.36,9:00-18:00,5.08,58,Tesla,150,Tesla,2023,Yes,5.0,1,Quarterly
EVS00991,76.693669,14.787786,"2118 Random Rd, City 223, Country",AC Level 2,0.24,9:00-18:00,5.97,85,EVgo,150,CCS,2023,No,5.0,3,Monthly
EVS01001,54.038515,76.304779,"8354 Random Rd, City 493, Country",AC Level 2,0.28,9:00-18:00,2.07,30,EVgo,150,CCS,2017,No,3.2,10,Annually
EVS01011,61.571877,7.095596,"2171 Random Rd, City 221, Country",AC Level 2,0.15,9:00-18:00,0.75,52,Ionity,150,"CHAdeMO, Tesla",2017,No,3.9,2,Annually
EVS01021,76.220089,56.926912,"705 Random Rd, City 295, Country",DC Fast Charger,0.27,9:00-18:00,7.79,98,EVgo,50,"CHAdeMO, Type 2",2013,No,3.8,10,Annually
EVS01031,10.46809,111.87756,"7446 Random Rd, City 82, Country",DC Fast Charger,0.17,6:00-22:00,4.53,57,Greenlots,50,"CCS, CHAdeMO",2010,Yes,4.9,3,Monthly
EVS01041,82.248041,9.154199,"293 Random Rd, City 128, Country",AC Level 2,0.27,24/7,12.61,57,Ionity,50,Type 2,2011,Yes,3.7,7,Annually
EVS01051,27.002793,-120.558946,"8629 Random Rd, City 442, Country",AC Level 1,0.37,9:00-18:00,6.12,100,Ionity,50,Tesla,2014,Yes,4.4,7,Annually
EVS01061,-76.300721,47.724198,"3589 Random Rd, City 87, Country",AC Level 2,0.44,9:00-18:00,8.21,86,Greenlots,50,Tesla,2021,Yes,4.1,7,Quarterly
EVS01071,-71.116001,53.558456,"9724 Random Rd, City 190, Country",AC Level 2,0.32,24/7,17.33,47,ChargePoint,22,CCS,2015,Yes,3.7,6,Annually
EVS01081,-61.825276,107.341922,"1657 Random Rd, City 231, Country",DC Fast Charger,0.38,24/7,12.68,24,Ionity,150,Type 2,2017,Yes,4.4,1,Monthly
EVS01091,-69.224914,8.315345,"678 Random Rd, City 408, Country",AC Level 2,0.35,6:00-22:00,11.5,23,ChargePoint,150,Type 2,2022,No,3.4,1,Monthly
EVS01101,-25.964345,19.657685,"7263 Random Rd, City 76, Country",AC Level 2,0.19,9:00-18:00,3.99,60,EVgo,22,CCS,2019,No,3.7,10,Quarterly
EVS01111,-34.974387,-24.158419,"1129 Random Rd, City 254, Country",DC Fast Charger,0.38,24/7,18.9,80,Ionity,350,"Type 2, CHAdeMO",2020,No,5.0,2,Monthly
EVS01121,18.674307,14.590934,"7884 Random Rd, City 50, Country",DC Fast Charger,0.14,9:00-18:00,4.67,81,Ionity,350,CCS,2016,Yes,3.1,10,Quarterly
EVS01131,-44.295779,-159.169677,"7252 Random Rd, City 204, Country",AC Level 2,0.22,6:00-22:00,13.98,49,EVgo,350,CCS,2013,No,4.4,8,Monthly
EVS01141,9.445906,-55.589153,"2228 Random Rd, City 249, Country",DC Fast Charger,0.24,9:00-18:00,19.7,37,ChargePoint,150,CHAdeMO,2018,Yes,3.6,5,Annually
EVS01151,-36.146249,146.49704,"3842 Random Rd, City 393, Country",AC Level 2,0.24,24/7,7.41,92,ChargePoint,150,"CHAdeMO, Tesla",2014,Yes,4.6,3,Annually
EVS01161,-89.630746,-32.41168,"2368 Random Rd, City 50, Country",DC Fast Charger,0.25,6:00-22:00,13.77,65,EVgo,350,CCS,2019,No,3.3,3,Annually
EVS01171,-22.389199,153.117257,"9313 Random Rd, City 235, Country",AC Level 2,0.13,6:00-22:00,12.12,86,Greenlots,150,"Tesla, CHAdeMO",2011,No,3.4,6,Monthly
EVS01181,-21.530008,-19.54385,"320 Random Rd, City 325, Country",DC Fast Charger,0.28,24/7,11.82,68,ChargePoint,22,Type 2,2023,Yes,4.2,3,Monthly
EVS01191,30.502619,78.243519,"1475 Random Rd, City 458, Country",DC Fast Charger,0.47,9:00-18:00,3.93,61,Tesla,22,"Tesla, CCS",2023,No,3.9,4,Monthly
EVS01201,48.802887,71.73414,"7599 Random Rd, City 415, Country",AC Level 2,0.31,6:00-22:00,18.72,89,ChargePoint,50,"Tesla, CCS",2015,No,3.3,5,Monthly
EVS01211,58.756469,-154.717828,"729 Random Rd, City 163, Country",AC Level 2,0.17,9:00-18:00,16.97,44,Tesla,50,CHAdeMO,2010,Yes,4.1,1,Monthly
EVS01221,-52.957502,59.119297,"3957 Random Rd, City 14, Country",AC Level 2,0.15,24/7,15.51,50,Greenlots,50,"Tesla, CCS",2023,No,3.7,7,Annually
EVS01231,-17.799939,-69.066009,"7290 Random Rd, City 314, Country",AC Level 2,0.32,9:00-18:00,16.9,69,Tesla,50,"Type 2, CHAdeMO",2017,No,3.3,4,Annually
EVS01241,32.670231,134.545254,"2699 Random Rd, City 351, Country",AC Level 2,0.27,6:00-22:00,17.74,33,ChargePoint,350,CHAdeMO,2012,Yes,3.6,2,Quarterly
EVS01251,78.794764,-97.498207,"9584 Random Rd, City 217, Country",AC Level 2,0.4,9:00-18:00,16.53,54,Ionity,50,"Tesla, CHAdeMO",2018,Yes,3.9,3,Monthly
EVS01261,83.715905,-55.586334,"3426 Random Rd, City 420, Country",DC Fast Charger,0.11,24/7,13.11,20,Ionity,350,Tesla,2021,Yes,4.1,2,Annually
EVS01271,75.362552,-74.28057,"4682 Random Rd, City 478, Country",DC Fast Charger,0.27,6:00-22:00,14.76,82,ChargePoint,350,Type 2,2015,Yes,3.4,9,Monthly
EVS01281,-79.77322,94.138094,"5857 Random Rd, City 9, Country",AC Level 2,0.3,6:00-22:00,4.6,58,Greenlots,50,"CHAdeMO, Tesla",2020,Yes,3.3,1,Annually
EVS01291,59.916673,-158.258473,"8868 Random Rd, City 370, Country",AC Level 2,0.11,24/7,9.74,80,Greenlots,50,Tesla,2012,Yes,4.0,8,Annually
EVS01301,76.725564,-92.122116,"1091 Random Rd, City 109, Country",AC Level 2,0.2,6:00-22:00,4.74,95,EVgo,350,"Type 2, CCS",2023,Yes,3.1,3,Quarterly
EVS01311,70.979828,-69.349456,"3363 Random Rd, City 211, Country",AC Level 2,0.31,9:00-18:00,1.74,87,EVgo,150,Type 2,2022,No,4.1,1,Monthly
EVS01321,73.388051,20.36669,"8233 Random Rd, City 305, Country",AC Level 1,0.47,9:00-18:00,6.47,26,Tesla,150,Type 2,2021,No,4.7,8,Annually
EVS01331,-83.623067,-9.827629,"7470 Random Rd, City 450, Country",AC Level 1,0.29,24/7,13.55,97,Tesla,350,CCS,2013,No,4.7,10,Monthly
EVS01341,56.823748,171.497995,"1145 Random Rd, City 150, Country",AC Level 2,0.37,6:00-22:00,9.11,60,EVgo,22,CCS,2013,No,3.7,4,Annually
EVS01351,32.978421,-43.776872,"4141 Random Rd, City 281, Country",AC Level 1,0.14,9:00-18:00,3.86,15,Ionity,50,"CHAdeMO, Tesla",2018,No,3.9,9,Quarterly
EVS01361,-24.259794,112.029429,"4883 Random Rd, City 169, Country",AC Level 2,0.14,24/7,10.48,93,Greenlots,350,CCS,2021,No,4.6,4,Monthly
EVS01371,-50.106559,-155.664376,"8714 Random Rd, City 267, Country",AC Level 1,0.35,6:00-22:00,8.59,18,Tesla,22,Type 2,2020,No,3.3,8,Annually
EVS01381,50.599395,160.502136,"5409 Random Rd, City 263, Country",DC Fast Charger,0.12,9:00-18:00,16.8,76,EVgo,22,"Type 2, CCS",2023,No,3.3,5,Monthly
EVS01391,-89.68085,26.774599,"9886 Random Rd, City 220, Country",AC Level 2,0.39,9:00-18:00,1.97,88,Ionity,150,"Type 2, CHAdeMO",2014,Yes,3.3,1,Annually
EVS01401,-2.395072,-117.939073,"2549 Random Rd, City 142, Country",AC Level 1,0.27,24/7,7.51,29,Greenlots,150,"Tesla, CCS",2015,Yes,4.0,9,Annually
EVS01411,13.650951,-107.42209,"6613 Random Rd, City 166, Country",AC Level 1,0.35,6:00-22:00,17.97,98,Ionity,150,Tesla,2022,No,3.7,1,Monthly
EVS01421,-46.883235,-90.183889,"6777 Random Rd, City 25, Country",AC Level 1,0.29,6:00-22:00,5.54,44,ChargePoint,50,"CCS, Type 2",2012,No,3.4,2,Monthly
EVS01431,-69.752762,71.606359,"9124 Random Rd, City 88, Country",DC Fast Charger,0.2,6:00-22:00,2.53,18,Tesla,150,Type 2,2013,Yes,4.5,10,Annually
EVS01441,57.877122,38.512024,"3239 Random Rd, City 489, Country",AC Level 2,0.14,9:00-18:00,17.06,41,Greenlots,50,CCS,2017,Yes,3.1,4,Quarterly
EVS01451,76.604566,-125.414383,"9691 Random Rd, City 244, Country",DC Fast Charger,0.17,6:00-22:00,18.05,74,Greenlots,22,"CCS, Type 2",2021,No,4.8,2,Quarterly
EVS01461,24.756145,61.741309,"7891 Random Rd, City 87, Country",AC Level 1,0.33,24/7,10.12,82,Greenlots,350,"Type 2, CHAdeMO",2011,Yes,3.4,10,Quarterly
EVS01471,-54.301943,-59.990984,"3780 Random Rd, City 116, Country",AC Level 1,0.22,9:00-18:00,17.56,62,ChargePoint,22,CHAdeMO,2013,Yes,3.7,7,Annually
EVS01481,-9.192887,130.963746,"7132 Random Rd, City 373, Country",AC Level 1,0.42,24/7,0.91,78,EVgo,50,"CHAdeMO, CCS",2018,Yes,3.9,4,Annually
EVS01491,60.868716,-141.621817,"1348 Random Rd, City 468, Country",AC Level 2,0.49,9:00-18:00,14.04,88,Tesla,50,"CCS, Type 2",2010,No,3.8,10,Monthly
EVS01501,53.893264,3.884964,"2505 Random Rd, City 377, Country",AC Level 2,0.46,6:00-22:00,8.5,72,EVgo,350,"CCS, Type 2",2015,No,3.5,10,Quarterly
EVS01511,-40.297221,-51.391023,"2247 Random Rd, City 361, Country",AC Level 1,0.5,24/7,16.95,20,Ionity,150,Tesla,2023,No,3.8,4,Monthly
EVS01521,9.306702,-87.343193,"9072 Random Rd, City 213, Country",DC Fast Charger,0.48,9:00-18:00,13.29,17,Tesla,350,Tesla,2019,Yes,4.9,1,Quarterly
EVS01531,35.505385,35.107309,"3767 Random Rd, City 403, Country",AC Level 1,0.37,9:00-18:00,9.57,41,EVgo,350,"CHAdeMO, Type 2",2013,Yes,3.6,7,Annually
EVS01541,70.911947,126.325534,"9893 Random Rd, City 426, Country",DC Fast Charger,0.35,6:00-22:00,5.84,29,Tesla,50,Tesla,2020,No,4.5,4,Quarterly
EVS01551,-57.701685,122.421974,"4519 Random Rd, City 213, Country",AC Level 1,0.28,6:00-22:00,1.21,12,ChargePoint,50,Tesla,2014,No,3.9,8,Quarterly
EVS01561,46.441567,-63.422571,"6984 Random Rd, City 65, Country",AC Level 2,0.4,6:00-22:00,14.49,91,Greenlots,50,CHAdeMO,2019,Yes,3.5,7,Annually
EVS01571,-28.964475,64.173352,"4901 Random Rd, City 404, Country",DC Fast Charger,0.26,6:00-22:00,0.86,85,EVgo,22,"CHAdeMO, Tesla",2011,Yes,5.0,1,Quarterly
EVS01581,-26.993491,-141.983627,"4579 Random Rd, City 54, Country",AC Level 2,0.41,24/7,11.8,54,Tesla,350,"Tesla, CCS",2022,Yes,4.6,6,Quarterly
EVS01591,-85.695299,36.497062,"7165 Random Rd, City 208, Country",AC Level 2,0.27,24/7,5.12,12,ChargePoint,350,"Tesla, CCS",2021,Yes,3.4,2,Quarterly
EVS01601,47.991905,-146.656841,"968 Random Rd, City 260, Country",AC Level 2,0.35,24/7,8.97,60,ChargePoint,350,CCS,2015,Yes,3.6,6,Annually
EVS01611,-47.477731,-91.694543,"5170 Random Rd, City 224, Country",DC Fast Charger,0.2,24/7,17.69,76,EVgo,50,"Tesla, Type 2",2022,No,4.4,8,Annually
EVS01621,81.222294,35.44313,"9347 Random Rd, City 109, Country",AC Level 1,0.22,24/7,8.59,72,Tesla,350,Type 2,2020,Yes,4.9,6,Quarterly
EVS01631,-9.035979,85.542556,"2212 Random Rd, City 453, Country",AC Level 1,0.34,24/7,17.36,60,ChargePoint,22,"Tesla, Type 2",2016,Yes,4.2,9,Monthly
EVS01641,12.318994,146.245289,"8910 Random Rd, City 480, Country",AC Level 2,0.25,9:00-18:00,7.73,70,Tesla,150,"CHAdeMO, Type 2",2019,Yes,4.3,6,Monthly
EVS01651,2.442081,-140.520234,"1773 Random Rd, City 171, Country",DC Fast Charger,0.48,6:00-22:00,18.83,39,Greenlots,150,Tesla,2023,Yes,4.9,2,Annually
EVS01661,84.035706,114.687545,"174 Random Rd, City 144, Country",AC Level 2,0.18,24/7,4.14,32,ChargePoint,150,Type 2,2016,No,3.4,10,Quarterly
EVS01671,-84.897868,-131.135683,"6862 Random Rd, City 10, Country",DC Fast Charger,0.21,24/7,11.73,69,Tesla,150,"CCS, Tesla",2014,Yes,5.0,6,Quarterly
EVS01681,-69.899046,94.575793,"9084 Random Rd, City 233, Country",AC Level 2,0.24,24/7,6.65,93,Greenlots,150,"CHAdeMO, Type 2",2015,No,4.8,10,Quarterly
EVS01691,-3.909207,-154.415264,"8659 Random Rd, City 163, Country",AC Level 2,0.31,9:00-18:00,13.53,37,Ionity,22,CHAdeMO,2010,Yes,4.8,4,Quarterly
EVS01701,9.914682,-175.069871,"8963 Random Rd, City 80, Country",AC Level 2,0.46,24/7,9.8,88,EVgo,50,CHAdeMO,2019,Yes,4.3,2,Annually
EVS01711,-37.190364,21.155325,"7350 Random Rd, City 169, Country",AC Level 1,0.24,6:00-22:00,1.99,22,Tesla,22,Tesla,2013,No,4.5,9,Annually
EVS01721,-69.103934,127.550134,"6208 Random Rd, City 173, Country",DC Fast Charger,0.32,9:00-18:00,11.97,89,Ionity,150,Tesla,2020,Yes,3.5,4,Annually
EVS01731,-79.496518,-133.894791,"3196 Random Rd, City 76, Country",AC Level 2,0.31,9:00-18:00,13.74,23,EVgo,150,"Type 2, CHAdeMO",2011,No,3.2,9,Monthly
EVS01741,2.434672,-10.520062,"7465 Random Rd, City 467, Country",AC Level 2,0.11,6:00-22:00,18.29,75,EVgo,350,CCS,2018,Yes,4.6,8,Annually
EVS01751,-15.797864,129.086441,"5116 Random Rd, City 360, Country",AC Level 1,0.23,24/7,14.4,48,Ionity,22,CHAdeMO,2015,Yes,3.1,6,Annually
EVS01761,-26.022753,-45.473038,"7330 Random Rd, City 72, Country",DC Fast Charger,0.49,24/7,6.12,42,ChargePoint,50,Tesla,2021,No,4.7,2,Quarterly
EVS01771,-16.479485,-134.782139,"5250 Random Rd, City 283, Country",DC Fast Charger,0.29,24/7,4.73,58,ChargePoint,22,CCS,2013,Yes,4.6,3,Monthly
EVS01781,-42.45117,-27.168164,"5539 Random Rd, City 302, Country",DC Fast Charger,0.26,9:00-18:00,19.94,69,Ionity,22,"Tesla, Type 2",2019,No,5.0,10,Annually
EVS01791,45.691345,-144.770002,"1680 Random Rd, City 286, Country",AC Level 2,0.46,24/7,8.08,31,ChargePoint,150,"CCS, Type 2",2014,Yes,3.6,2,Monthly
EVS01801,79.523831,107.918483,"9018 Random Rd, City 24, Country",DC Fast Charger,0.13,6:00-22:00,5.72,20,ChargePoint,350,CCS,2018,No,4.4,1,Monthly
EVS01811,38.842119,-139.757442,"222 Random Rd, City 20, Country",DC Fast Charger,0.11,9:00-18:00,18.84,90,Greenlots,50,CHAdeMO,2018,Yes,4.5,5,Monthly
EVS01821,-26.655435,30.252572,"3480 Random Rd, City 5, Country",DC Fast Charger,0.27,6:00-22:00,9.14,14,Greenlots,350,CHAdeMO,2016,No,3.2,6,Monthly
EVS01831,-87.862196,121.52313,"1774 Random Rd, City 109, Country",AC Level 1,0.25,24/7,0.64,73,ChargePoint,350,CHAdeMO,2020,Yes,4.2,10,Quarterly
EVS01841,-70.600354,-51.379576,"8332 Random Rd, City 272, Country",AC Level 1,0.24,24/7,17.03,28,Ionity,350,"CHAdeMO, Tesla",2017,No,4.6,7,Monthly
EVS01851,-33.795433,12.864741,"6020 Random Rd, City 308, Country",DC Fast Charger,0.34,24/7,9.42,12,ChargePoint,150,"CHAdeMO, CCS",2013,No,3.0,1,Annually
EVS01861,-37.899292,155.263677,"7131 Random Rd, City 233, Country",AC Level 1,0.29,9:00-18:00,18.26,14,Ionity,350,"CHAdeMO, CCS",2014,No,3.3,9,Quarterly
EVS01871,-33.501204,131.952677,"9443 Random Rd, City 174, Country",AC Level 2,0.25,9:00-18:00,18.41,93,EVgo,50,"Type 2, CCS",2013,Yes,3.8,1,Annually
EVS01881,58.785804,-121.064465,"7603 Random Rd, City 419, Country",AC Level 2,0.5,6:00-22:00,19.24,46,ChargePoint,350,CCS,2013,No,4.5,9,Annually
EVS01891,-2.638197,-161.600309,"1179 Random Rd, City 261, Country",AC Level 2,0.24,6:00-22:00,6.25,82,Tesla,150,"Type 2, Tesla",2015,Yes,4.1,2,Quarterly
EVS01901,-14.465456,81.379726,"1225 Random Rd, City 176, Country",AC Level 1,0.37,24/7,2.29,75,ChargePoint,22,Tesla,2016,No,4.7,10,Quarterly
EVS01911,52.18593,-86.255032,"373 Random Rd, City 246, Country",DC Fast Charger,0.17,6:00-22:00,2.9,56,Ionity,350,CCS,2021,No,4.0,8,Annually
EVS01921,-19.312192,-83.844483,"5896 Random Rd, City 230, Country",DC Fast Charger,0.5,9:00-18:00,16.6,47,Greenlots,22,"CHAdeMO, Tesla",2016,No,3.9,8,Monthly
EVS01931,-80.775083,104.526138,"443 Random Rd, City 319, Country",DC Fast Charger,0.24,9:00-18:00,2.75,54,Tesla,22,CCS,2010,No,3.9,7,Monthly
EVS01941,-50.11544,-70.213321,"4330 Random Rd, City 43, Country",AC Level 2,0.44,6:00-22:00,13.55,13,Tesla,350,"CHAdeMO, Type 2",2023,No,4.1,7,Quarterly
EVS01951,-30.286654,-143.015699,"8953 Random Rd, City 499, Country",AC Level 2,0.4,24/7,9.38,13,Tesla,350,"CHAdeMO, Tesla",2013,No,4.9,8,Annually
EVS01961,-24.578696,-23.715804,"9822 Random Rd, City 112, Country",AC Level 1,0.45,24/7,18.42,98,EVgo,150,"CCS, Tesla",2015,No,3.6,7,Quarterly
EVS01971,28.984955,-139.219526,"1865 Random Rd, City 332, Country",DC Fast Charger,0.4,24/7,0.98,16,Tesla,350,Tesla,2015,Yes,4.0,10,Annually
EVS01981,-5.248134,3.125933,"6258 Random Rd, City 335, Country",DC Fast Charger,0.46,24/7,3.38,15,Tesla,150,"Tesla, CCS",2023,No,4.2,9,Annually
EVS01991,86.536065,4.301195,"7707 Random Rd, City 284, Country",DC Fast Charger,0.3,24/7,3.46,10,EVgo,50,"Type 2, Tesla",2018,No,4.2,1,Quarterly
EVS02001,-36.888828,-135.247314,"4268 Random Rd, City 485, Country",DC Fast Charger,0.29,9:00-18:00,13.6,69,ChargePoint,22,CHAdeMO,2021,No,4.3,5,Quarterly
EVS02011,-65.268368,110.236242,"1463 Random Rd, City 455, Country",AC Level 1,0.31,9:00-18:00,13.96,82,Greenlots,350,CCS,2020,Yes,3.9,3,Annually
EVS02021,66.858607,-112.218349,"737 Random Rd, City 160, Country",DC Fast Charger,0.18,24/7,18.75,15,Greenlots,22,"CCS, Type 2",2014,Yes,4.4,5,Monthly
EVS02031,58.571392,95.218911,"5728 Random Rd, City 495, Country",AC Level 1,0.21,24/7,0.55,21,EVgo,150,CHAdeMO,2015,Yes,3.6,2,Quarterly
EVS02041,45.071967,-109.908475,"1071 Random Rd, City 72, Country",AC Level 2,0.37,24/7,18.78,32,EVgo,22,"Tesla, CCS",2013,No,4.1,7,Monthly
EVS02051,71.508746,-6.429733,"1978 Random Rd, City 347, Country",AC Level 1,0.44,24/7,15.2,58,ChargePoint,22,Type 2,2013,No,4.2,5,Quarterly
EVS02061,-26.303618,-22.298148,"3406 Random Rd, City 490, Country",DC Fast Charger,0.32,6:00-22:00,5.37,75,EVgo,50,Tesla,2015,Yes,4.5,7,Annually
EVS02071,5.285067,81.24223,"5509 Random Rd, City 427, Country",AC Level 1,0.35,6:00-22:00,17.09,64,ChargePoint,350,Type 2,2016,No,3.9,3,Quarterly
EVS02081,44.092179,-59.142655,"5568 Random Rd, City 487, Country",AC Level 1,0.3,9:00-18:00,3.06,98,Greenlots,150,"CCS, CHAdeMO",2015,Yes,3.8,5,Annually
EVS02091,-34.448053,-155.65398,"3320 Random Rd, City 219, Country",DC Fast Charger,0.28,6:00-22:00,1.29,82,Greenlots,22,"Tesla, Type 2",2023,Yes,4.2,4,Annually
EVS02101,77.69797,7.530159,"1391 Random Rd, City 291, Country",AC Level 1,0.18,24/7,18.01,14,Greenlots,50,CCS,2015,Yes,4.6,2,Quarterly
EVS02111,-45.979321,128.015637,"7074 Random Rd, City 94, Country",AC Level 2,0.34,6:00-22:00,11.14,78,Greenlots,350,"CCS, CHAdeMO",2013,No,4.9,1,Monthly
EVS02121,-68.615556,157.746197,"2721 Random Rd, City 158, Country",AC Level 1,0.34,24/7,18.54,30,ChargePoint,350,Tesla,2014,No,3.7,3,Annually
EVS02131,66.571816,163.237302,"4810 Random Rd, City 335, Country",AC Level 1,0.39,6:00-22:00,18.74,75,Ionity,22,CHAdeMO,2013,Yes,4.9,3,Quarterly
EVS02141,30.77854,115.754788,"751 Random Rd, City 306, Country",DC Fast Charger,0.11,6:00-22:00,3.35,61,EVgo,150,"CHAdeMO, CCS",2015,No,3.4,2,Quarterly
EVS02151,39.25577,8.051824,"5984 Random Rd, City 167, Country",DC Fast Charger,0.15,6:00-22:00,16.9,37,Greenlots,50,"Tesla, CCS",2023,Yes,3.1,9,Annually
EVS02161,33.129827,-16.659356,"539 Random Rd, City 254, Country",AC Level 2,0.31,6:00-22:00,11.07,27,ChargePoint,350,"Tesla, CHAdeMO",2018,No,3.3,1,Quarterly
EVS02171,27.867645,-156.393546,"6855 Random Rd, City 407, Country",AC Level 2,0.17,9:00-18:00,13.64,56,EVgo,350,CCS,2014,No,3.6,7,Monthly
EVS02181,-64.584674,-18.725536,"5008 Random Rd, City 376, Country",AC Level 1,0.29,6:00-22:00,1.54,82,EVgo,150,"Tesla, CHAdeMO",2018,Yes,4.7,6,Monthly
EVS02191,15.956701,-84.823817,"9941 Random Rd, City 439, Country",AC Level 2,0.1,9:00-18:00,2.16,96,Ionity,350,CCS,2010,No,4.8,6,Annually
EVS02201,-36.706213,179.526528,"7638 Random Rd, City 212, Country",AC Level 2,0.23,9:00-18:00,5.66,31,EVgo,50,"Type 2, Tesla",2012,Yes,4.7,9,Quarterly
EVS02211,77.52269,-86.390697,"4412 Random Rd, City 281, Country",AC Level 1,0.27,24/7,18.15,63,ChargePoint,150,CCS,2016,No,3.7,10,Monthly
EVS02221,-47.515372,-149.394009,"2358 Random Rd, City 172, Country",DC Fast Charger,0.14,24/7,18.9,97,ChargePoint,22,"CHAdeMO, Tesla",2019,Yes,3.4,10,Quarterly
EVS02231,32.421551,55.599267,"638 Random Rd, City 93, Country",AC Level 1,0.48,9:00-18:00,18.27,79,ChargePoint,150,"Type 2, Tesla",2012,No,3.0,2,Quarterly
EVS02241,-29.437558,169.085987,"4863 Random Rd, City 71, Country",AC Level 1,0.22,9:00-18:00,17.13,18,ChargePoint,22,"Tesla, CCS",2020,Yes,4.7,10,Annually
EVS02251,-14.624514,107.402422,"6670 Random Rd, City 222, Country",AC Level 2,0.36,6:00-22:00,6.19,78,Greenlots,22,"Tesla, CCS",2021,No,3.7,1,Annually
EVS02261,-78.709273,38.896409,"6114 Random Rd, City 183, Country",DC Fast Charger,0.14,24/7,14.98,15,Greenlots,350,CCS,2013,Yes,3.3,6,Annually
EVS02271,-77.501066,6.246864,"8912 Random Rd, City 2, Country",DC Fast Charger,0.32,9:00-18:00,7.4,48,EVgo,22,"Type 2, CHAdeMO",2015,Yes,3.1,1,Quarterly
EVS02281,8.860373,100.526221,"5573 Random Rd, City 315, Country",DC Fast Charger,0.3,24/7,7.8,86,Tesla,150,CCS,2017,No,4.3,6,Annually
EVS02291,-22.995698,-150.045541,"452 Random Rd, City 463, Country",DC Fast Charger,0.16,24/7,9.66,59,Greenlots,22,Type 2,2022,Yes,3.9,1,Monthly
EVS02301,-24.837212,117.885315,"7108 Random Rd, City 118, Country",AC Level 2,0.3,24/7,9.09,55,Tesla,350,"Type 2, CCS",2021,Yes,4.1,2,Quarterly
EVS02311,-19.020507,-145.974947,"6438 Random Rd, City 242, Country",DC Fast Charger,0.43,9:00-18:00,9.47,57,ChargePoint,350,Tesla,2023,Yes,4.0,6,Quarterly
EVS02321,51.187496,-112.925241,"6810 Random Rd, City 361, Country",AC Level 2,0.13,24/7,3.34,89,ChargePoint,50,"Tesla, Type 2",2012,Yes,4.8,9,Annually
EVS02331,-43.969002,21.297632,"7304 Random Rd, City 222, Country",DC Fast Charger,0.46,9:00-18:00,2.94,31,Tesla,350,CCS,2018,Yes,4.8,3,Monthly
EVS02341,-40.96053,-172.467276,"8036 Random Rd, City 279, Country",AC Level 1,0.48,24/7,11.92,57,Tesla,50,"CCS, CHAdeMO",2021,No,4.8,1,Quarterly
EVS02351,-19.675855,-119.574952,"7868 Random Rd, City 2, Country",DC Fast Charger,0.13,9:00-18:00,16.75,84,EVgo,22,CHAdeMO,2011,Yes,3.9,3,Quarterly
EVS02361,-56.116557,-26.028591,"7418 Random Rd, City 4, Country",AC Level 1,0.46,6:00-22:00,5.21,62,Greenlots,350,"Type 2, CCS",2021,No,4.7,2,Annually
EVS02371,-21.531911,-128.303588,"9721 Random Rd, City 203, Country",AC Level 1,0.38,24/7,4.93,12,EVgo,150,"Tesla, CCS",2021,Yes,3.3,1,Annually
EVS02381,56.03461,86.340955,"7953 Random Rd, City 167, Country",DC Fast Charger,0.16,24/7,2.97,36,EVgo,350,CCS,2010,Yes,4.4,7,Monthly
EVS02391,79.364641,68.701067,"8233 Random Rd, City 486, Country",DC Fast Charger,0.1,9:00-18:00,17.5,27,Ionity,50,"CCS, CHAdeMO",2016,Yes,3.7,3,Monthly
EVS02401,-20.74123,25.747125,"8802 Random Rd, City 276, Country",AC Level 2,0.37,6:00-22:00,18.54,15,Tesla,150,"Tesla, CCS",2022,Yes,4.8,1,Quarterly
EVS02411,36.373001,120.606079,"4756 Random Rd, City 352, Country",AC Level 2,0.14,6:00-22:00,14.95,83,EVgo,350,"Type 2, CCS",2013,No,3.5,6,Monthly
EVS02421,-55.527516,136.297399,"5585 Random Rd, City 162, Country",AC Level 2,0.19,6:00-22:00,8.97,65,Ionity,350,"Type 2, CHAdeMO",2018,Yes,4.3,2,Quarterly
EVS02431,60.58781,-2.445996,"7320 Random Rd, City 139, Country",DC Fast Charger,0.11,24/7,6.27,42,Greenlots,22,CCS,2016,Yes,3.3,6,Quarterly
EVS02441,53.363303,-117.780742,"6005 Random Rd, City 418, Country",AC Level 1,0.24,24/7,9.0,39,Greenlots,50,Tesla,2014,No,3.3,7,Quarterly
EVS02451,83.925964,20.855163,"3175 Random Rd, City 88, Country",AC Level 1,0.35,6:00-22:00,5.97,18,Ionity,350,Type 2,2015,Yes,3.8,10,Quarterly
EVS02461,-31.963893,-123.009556,"933 Random Rd, City 384, Country",AC Level 2,0.43,9:00-18:00,14.74,11,Ionity,350,"CCS, CHAdeMO",2022,No,3.4,8,Quarterly
EVS02471,50.77864,-28.940249,"3685 Random Rd, City 97, Country",AC Level 1,0.11,9:00-18:00,10.26,73,ChargePoint,22,"CHAdeMO, Type 2",2017,No,4.6,10,Quarterly
EVS02481,27.51296,155.230278,"5369 Random Rd, City 418, Country",AC Level 1,0.19,9:00-18:00,2.2,88,Greenlots,22,"Type 2, Tesla",2013,Yes,3.0,4,Annually
EVS02491,74.560342,-73.85973,"532 Random Rd, City 82, Country",AC Level 2,0.33,6:00-22:00,7.7,33,Greenlots,350,CCS,2019,No,3.8,6,Monthly
EVS02501,69.69755,50.983861,"606 Random Rd, City 363, Country",AC Level 2,0.47,24/7,3.54,31,EVgo,50,"Tesla, Type 2",2020,No,4.1,8,Quarterly
EVS02511,-25.333987,-101.031643,"6020 Random Rd, City 250, Country",AC Level 1,0.27,6:00-22:00,14.93,12,Ionity,22,"CCS, Tesla",2021,No,4.1,7,Annually
EVS02521,41.802944,56.674542,"1410 Random Rd, City 500, Country",DC Fast Charger,0.21,24/7,13.21,55,Ionity,150,"CHAdeMO, Type 2",2020,No,3.2,10,Annually
EVS02531,-11.91313,98.023145,"3511 Random Rd, City 294, Country",AC Level 2,0.23,24/7,7.23,71,EVgo,22,"Tesla, CCS",2023,No,4.5,10,Monthly
EVS02541,-66.409171,128.77468,"7693 Random Rd, City 55, Country",DC Fast Charger,0.15,6:00-22:00,12.16,92,EVgo,22,"Tesla, CCS",2012,No,3.9,10,Quarterly
EVS02551,-77.037941,58.231179,"7453 Random Rd, City 185, Country",AC Level 1,0.15,24/7,12.57,88,Ionity,350,Type 2,2023,No,3.3,8,Annually
EVS02561,45.80685,51.129518,"6337 Random Rd, City 15, Country",AC Level 1,0.39,6:00-22:00,8.66,95,Greenlots,350,Type 2,2015,No,3.4,5,Annually
EVS02571,85.29544,94.230223,"2692 Random Rd, City 415, Country",DC Fast Charger,0.33,6:00-22:00,18.43,78,Ionity,150,"Type 2, Tesla",2021,No,4.3,9,Annually
EVS02581,46.390185,45.946489,"7023 Random Rd, City 139, Country",AC Level 2,0.14,9:00-18:00,5.25,54,ChargePoint,50,Type 2,2021,No,4.0,6,Monthly
EVS02591,59.516572,124.573671,"4979 Random Rd, City 366, Country",AC Level 1,0.33,6:00-22:00,7.41,45,Tesla,150,Tesla,2012,No,3.6,9,Monthly
EVS02601,-36.836528,-176.308215,"1167 Random Rd, City 328, Country",AC Level 1,0.42,6:00-22:00,0.52,66,Ionity,22,CHAdeMO,2011,Yes,3.9,1,Annually
EVS02611,-78.430443,-168.490758,"8842 Random Rd, City 424, Country",DC Fast Charger,0.18,6:00-22:00,13.86,82,ChargePoint,50,"CHAdeMO, Type 2",2021,No,4.0,6,Quarterly
EVS02621,89.125584,-154.313444,"6765 Random Rd, City 236, Country",DC Fast Charger,0.21,24/7,14.62,99,Tesla,50,CHAdeMO,2012,Yes,4.1,9,Annually
EVS02631,-12.052111,147.036563,"2252 Random Rd, City 393, Country",AC Level 2,0.4,24/7,6.63,63,Greenlots,150,CCS,2016,Yes,4.0,9,Annually
EVS02641,48.338966,123.603412,"7297 Random Rd, City 221, Country",DC Fast Charger,0.18,24/7,0.82,81,ChargePoint,350,Type 2,2022,No,4.0,6,Monthly
EVS02651,6.552775,65.418301,"8904 Random Rd, City 90, Country",DC Fast Charger,0.43,24/7,2.45,20,Ionity,50,Type 2,2012,Yes,4.1,9,Monthly
EVS02661,-57.8332,-177.210504,"349 Random Rd, City 164, Country",AC Level 1,0.43,9:00-18:00,17.08,41,Tesla,50,"CCS, Type 2",2018,Yes,3.8,9,Quarterly
EVS02671,-84.928431,-102.590482,"7218 Random Rd, City 404, Country",DC Fast Charger,0.24,9:00-18:00,18.67,38,Greenlots,350,CCS,2019,Yes,3.2,8,Annually
EVS02681,69.579798,67.836432,"545 Random Rd, City 94, Country",AC Level 1,0.18,24/7,2.77,46,Greenlots,50,CCS,2015,No,4.8,6,Monthly
EVS02691,42.399035,167.358269,"6564 Random Rd, City 435, Country",AC Level 1,0.17,9:00-18:00,0.6,13,Greenlots,350,CHAdeMO,2017,No,4.2,1,Annually
EVS02701,-12.3762,-107.627193,"6184 Random Rd, City 246, Country",AC Level 2,0.13,24/7,3.31,34,Tesla,350,CCS,2021,No,4.8,4,Monthly
EVS02711,85.83885,-20.557566,"7352 Random Rd, City 460, Country",AC Level 2,0.31,24/7,18.45,78,Tesla,50,CHAdeMO,2012,Yes,3.3,9,Monthly
EVS02721,49.397561,19.124434,"5547 Random Rd, City 103, Country",AC Level 2,0.36,9:00-18:00,6.38,30,Greenlots,50,CCS,2014,No,3.0,2,Monthly
EVS02731,-31.249815,-87.293159,"475 Random Rd, City 134, Country",AC Level 2,0.32,6:00-22:00,10.25,21,ChargePoint,50,CCS,2010,Yes,3.8,4,Quarterly
EVS02741,24.142931,-152.540456,"2363 Random Rd, City 330, Country",AC Level 2,0.46,6:00-22:00,7.02,68,Tesla,50,Tesla,2018,Yes,4.7,2,Monthly
EVS02751,-45.095138,-130.298281,"6014 Random Rd, City 163, Country",AC Level 1,0.39,6:00-22:00,19.76,51,Ionity,22,CHAdeMO,2022,No,3.7,4,Monthly
EVS02761,-25.151506,-127.128006,"7940 Random Rd, City 220, Country",AC Level 2,0.37,24/7,15.11,98,Ionity,50,CCS,2013,Yes,3.7,4,Annually
EVS02771,-32.738014,30.094633,"4702 Random Rd, City 500, Country",AC Level 2,0.43,6:00-22:00,19.31,45,Greenlots,150,Type 2,2019,Yes,3.2,2,Quarterly
EVS02781,81.182997,115.551929,"1435 Random Rd, City 127, Country",DC Fast Charger,0.28,24/7,0.52,63,ChargePoint,150,CHAdeMO,2010,Yes,3.7,4,Monthly
EVS02791,-6.163765,93.162571,"2261 Random Rd, City 64, Country",DC Fast Charger,0.37,24/7,14.75,73,EVgo,350,Tesla,2018,Yes,4.7,10,Monthly
EVS02801,-58.485289,-85.370754,"6212 Random Rd, City 316, Country",DC Fast Charger,0.49,6:00-22:00,14.64,61,Ionity,22,"CHAdeMO, Type 2",2019,Yes,4.0,7,Monthly
EVS02811,-49.602663,-140.652595,"9274 Random Rd, City 359, Country",AC Level 1,0.3,6:00-22:00,16.08,88,Tesla,350,CHAdeMO,2015,Yes,3.9,10,Monthly
EVS02821,-19.019488,159.040846,"6477 Random Rd, City 212, Country",DC Fast Charger,0.32,24/7,16.39,11,Tesla,150,CCS,2019,No,3.8,7,Quarterly
EVS02831,14.725139,-49.221185,"4575 Random Rd, City 9, Country",AC Level 1,0.5,24/7,4.85,30,Ionity,350,CHAdeMO,2016,Yes,4.4,1,Monthly
EVS02841,-87.120774,41.186122,"7960 Random Rd, City 400, Country",DC Fast Charger,0.35,24/7,19.11,35,EVgo,350,CHAdeMO,2022,Yes,4.3,2,Quarterly
EVS02851,34.359099,140.657909,"8753 Random Rd, City 409, Country",AC Level 2,0.48,24/7,17.09,29,EVgo,150,"Tesla, CCS",2016,No,3.7,10,Annually
EVS02861,26.08869,3.102426,"4297 Random Rd, City 413, Country",AC Level 2,0.12,24/7,15.06,41,Tesla,350,CCS,2017,No,4.2,5,Annually
EVS02871,-53.684803,-164.605256,"3056 Random Rd, City 68, Country",AC Level 1,0.35,6:00-22:00,14.83,13,ChargePoint,350,"CCS, CHAdeMO",2015,Yes,4.5,5,Quarterly
EVS02881,-13.927406,64.080549,"6449 Random Rd, City 485, Country",DC Fast Charger,0.11,9:00-18:00,11.98,47,Ionity,350,CCS,2022,Yes,3.3,5,Monthly
EVS02891,-57.55445,-99.772216,"102 Random Rd, City 300, Country",AC Level 2,0.46,9:00-18:00,17.95,66,ChargePoint,22,"CCS, CHAdeMO",2022,No,5.0,9,Quarterly
EVS02901,80.867134,135.087824,"4366 Random Rd, City 180, Country",AC Level 2,0.44,24/7,4.77,25,ChargePoint,22,"Tesla, Type 2",2012,Yes,4.0,5,Quarterly
EVS02911,-27.726957,27.934981,"8113 Random Rd, City 463, Country",DC Fast Charger,0.2,9:00-18:00,6.64,77,Ionity,350,Type 2,2011,Yes,3.4,3,Monthly
EVS02921,-74.465142,53.40124,"1364 Random Rd, City 489, Country",DC Fast Charger,0.32,9:00-18:00,10.28,49,EVgo,50,Type 2,2013,No,3.0,10,Monthly
EVS02931,70.682263,-176.38866,"2083 Random Rd, City 461, Country",AC Level 1,0.37,6:00-22:00,7.4,69,EVgo,350,CHAdeMO,2013,Yes,4.0,6,Monthly
EVS02941,35.2894,115.418365,"4380 Random Rd, City 57, Country",AC Level 1,0.13,6:00-22:00,8.01,100,ChargePoint,350,"Type 2, CHAdeMO",2010,No,3.9,4,Monthly
EVS02951,67.116649,-92.772923,"5546 Random Rd, City 129, Country",AC Level 1,0.36,9:00-18:00,4.49,10,ChargePoint,150,CHAdeMO,2010,Yes,3.6,2,Annually
EVS02961,20.17853,162.410193,"7213 Random Rd, City 346, Country",AC Level 2,0.4,6:00-22:00,2.65,76,ChargePoint,50,Type 2,2014,Yes,3.7,2,Monthly
EVS02971,52.197965,105.383456,"7285 Random Rd, City 136, Country",DC Fast Charger,0.11,9:00-18:00,9.72,100,Tesla,50,"Tesla, CHAdeMO",2012,No,4.4,3,Quarterly
EVS02981,7.713454,-157.099,"8271 Random Rd, City 384, Country",AC Level 1,0.16,24/7,5.15,64,ChargePoint,50,CCS,2020,Yes,4.6,2,Quarterly
EVS02991,-7.522381,67.999195,"5543 Random Rd, City 491, Country",AC Level 2,0.32,9:00-18:00,9.41,72,EVgo,50,Type 2,2022,No,4.9,10,Monthly
EVS03001,27.599897,32.257895,"6084 Random Rd, City 60, Country",AC Level 1,0.34,9:00-18:00,8.41,23,EVgo,50,CHAdeMO,2020,No,4.2,4,Monthly
EVS03011,-46.467117,-48.037466,"4067 Random Rd, City 454, Country",DC Fast Charger,0.48,6:00-22:00,8.53,70,Ionity,350,Tesla,2010,No,3.4,1,Annually
EVS03021,-15.83208,173.645478,"6634 Random Rd, City 341, Country",AC Level 1,0.37,9:00-18:00,5.4,25,ChargePoint,350,"Tesla, Type 2",2014,Yes,3.3,10,Annually
EVS03031,-16.713395,-130.171244,"6326 Random Rd, City 478, Country",DC Fast Charger,0.27,6:00-22:00,9.96,29,Tesla,150,CCS,2018,No,4.3,4,Quarterly
EVS03041,-6.958097,-2.60083,"4704 Random Rd, City 388, Country",AC Level 2,0.3,24/7,5.1,41,Tesla,50,"CCS, Type 2",2023,No,3.4,1,Annually
EVS03051,-63.819347,-112.025271,"4915 Random Rd, City 244, Country",DC Fast Charger,0.48,9:00-18:00,16.66,13,EVgo,150,"Type 2, Tesla",2013,Yes,3.1,10,Monthly
EVS03061,-21.562677,-115.182177,"8182 Random Rd, City 366, Country",AC Level 1,0.45,6:00-22:00,9.36,43,Tesla,150,"CCS, Type 2",2016,No,4.4,9,Monthly
EVS03071,-87.992041,152.361938,"5046 Random Rd, City 181, Country",AC Level 2,0.34,6:00-22:00,11.97,43,Greenlots,350,"CHAdeMO, CCS",2018,No,3.4,1,Quarterly
EVS03081,11.251358,22.531802,"8888 Random Rd, City 216, Country",AC Level 1,0.16,6:00-22:00,2.14,72,EVgo,22,CCS,2018,No,4.5,10,Annually
EVS03091,51.632459,-103.111022,"7740 Random Rd, City 177, Country",DC Fast Charger,0.45,6:00-22:00,4.45,15,Greenlots,150,CCS,2019,No,3.8,1,Annually
EVS03101,71.19371,76.275234,"9767 Random Rd, City 139, Country",AC Level 2,0.31,6:00-22:00,6.82,62,Ionity,22,Type 2,2019,Yes,4.3,1,Monthly
EVS03111,3.720514,-110.888786,"496 Random Rd, City 467, Country",AC Level 1,0.24,24/7,12.14,99,Greenlots,350,"Tesla, CHAdeMO",2014,Yes,3.5,7,Monthly
EVS03121,-27.932897,18.009528,"3753 Random Rd, City 440, Country",AC Level 2,0.39,9:00-18:00,11.1,25,Tesla,350,Tesla,2014,Yes,4.2,5,Quarterly
EVS03131,17.916013,-143.905268,"5586 Random Rd, City 59, Country",AC Level 2,0.35,9:00-18:00,5.02,45,ChargePoint,150,CCS,2010,Yes,4.3,8,Monthly
EVS03141,54.63608,-100.919367,"6572 Random Rd, City 496, Country",AC Level 1,0.19,9:00-18:00,10.55,55,Ionity,22,"Type 2, CHAdeMO",2013,Yes,3.5,5,Quarterly
EVS03151,64.377673,6.050466,"9271 Random Rd, City 11, Country",AC Level 1,0.18,24/7,7.86,55,Tesla,150,"CCS, Type 2",2021,Yes,4.5,3,Monthly
EVS03161,-31.151785,-32.629663,"7375 Random Rd, City 394, Country",AC Level 2,0.25,6:00-22:00,12.66,99,EVgo,350,"Type 2, CHAdeMO",2016,Yes,4.8,8,Monthly
EVS03171,68.453494,109.175544,"6922 Random Rd, City 206, Country",AC Level 1,0.2,24/7,16.49,91,Greenlots,50,"CCS, CHAdeMO",2023,Yes,4.4,9,Monthly
EVS03181,34.157692,121.179647,"2591 Random Rd, City 394, Country",AC Level 2,0.29,6:00-22:00,7.58,47,Ionity,350,"CCS, CHAdeMO",2023,Yes,4.0,2,Monthly
EVS03191,61.039986,-63.718519,"9773 Random Rd, City 12, Country",AC Level 1,0.24,9:00-18:00,11.05,96,EVgo,150,"Type 2, CCS",2013,No,3.7,7,Quarterly
EVS03201,61.155472,-44.226931,"6055 Random Rd, City 451, Country",AC Level 1,0.45,6:00-22:00,1.2,91,ChargePoint,350,"CHAdeMO, Type 2",2019,No,4.3,5,Quarterly
EVS03211,87.316635,136.24782,"7647 Random Rd, City 297, Country",DC Fast Charger,0.45,9:00-18:00,3.71,88,ChargePoint,150,"Tesla, Type 2",2010,No,3.6,5,Annually
EVS03221,48.609982,73.795317,"5823 Random Rd, City 495, Country",AC Level 1,0.49,9:00-18:00,9.8,75,Ionity,150,CCS,2012,Yes,4.0,4,Monthly
EVS03231,9.255252,-11.835365,"376 Random Rd, City 411, Country",AC Level 1,0.26,24/7,3.86,92,Greenlots,22,CCS,2011,Yes,3.6,4,Monthly
EVS03241,-0.058825,141.52983,"1632 Random Rd, City 8, Country",AC Level 1,0.2,9:00-18:00,13.4,62,Greenlots,22,CHAdeMO,2022,No,4.2,5,Annually
EVS03251,64.122184,161.73579,"2247 Random Rd, City 229, Country",DC Fast Charger,0.19,24/7,11.38,43,Tesla,22,CCS,2022,No,4.5,4,Quarterly
EVS03261,44.431795,70.865133,"2383 Random Rd, City 410, Country",AC Level 2,0.19,6:00-22:00,2.89,43,Greenlots,50,CHAdeMO,2023,Yes,3.7,4,Annually
EVS03271,-68.435214,171.639929,"4846 Random Rd, City 263, Country",AC Level 1,0.49,24/7,9.1,42,EVgo,22,Type 2,2010,Yes,3.1,7,Annually
EVS03281,30.242,-114.975344,"9432 Random Rd, City 129, Country",AC Level 2,0.16,6:00-22:00,14.03,10,ChargePoint,350,Type 2,2011,No,3.4,5,Quarterly
EVS03291,29.057846,-125.855069,"878 Random Rd, City 53, Country",AC Level 1,0.12,6:00-22:00,18.08,68,ChargePoint,350,CCS,2010,Yes,4.8,4,Quarterly
EVS03301,-21.991237,70.9926,"1968 Random Rd, City 108, Country",AC Level 1,0.12,24/7,4.93,55,Greenlots,350,"CHAdeMO, Type 2",2022,No,4.1,10,Monthly
EVS03311,79.183684,132.56729,"5389 Random Rd, City 256, Country",AC Level 2,0.37,6:00-22:00,12.17,35,Greenlots,350,"Type 2, Tesla",2023,No,3.9,3,Annually
EVS03321,-76.106641,-163.940683,"4918 Random Rd, City 340, Country",AC Level 1,0.48,9:00-18:00,9.54,29,Ionity,350,"CCS, Type 2",2018,Yes,3.7,4,Monthly
EVS03331,37.525813,52.736291,"2317 Random Rd, City 441, Country",AC Level 1,0.4,24/7,7.4,76,Tesla,50,Type 2,2012,Yes,4.5,9,Annually
EVS03341,31.44084,87.179689,"9662 Random Rd, City 64, Country",DC Fast Charger,0.46,24/7,6.97,49,EVgo,22,"CHAdeMO, CCS",2012,No,3.7,9,Monthly
EVS03351,-63.528252,-160.701913,"4562 Random Rd, City 99, Country",AC Level 2,0.21,24/7,7.94,79,ChargePoint,50,"CHAdeMO, Type 2",2012,Yes,4.9,6,Monthly
EVS03361,-85.398364,72.868522,"641 Random Rd, City 335, Country",AC Level 1,0.18,9:00-18:00,15.8,55,EVgo,350,"CHAdeMO, Tesla",2015,Yes,4.8,10,Annually
EVS03371,-67.331837,-95.634527,"33 Random Rd, City 9, Country",AC Level 1,0.21,9:00-18:00,19.32,65,Tesla,50,"CHAdeMO, Tesla",2018,No,3.6,6,Monthly
EVS03381,39.251808,-157.670563,"6911 Random Rd, City 239, Country",AC Level 2,0.37,9:00-18:00,15.98,95,Ionity,150,Type 2,2011,Yes,3.6,3,Annually
EVS03391,30.43585,34.690932,"9943 Random Rd, City 489, Country",DC Fast Charger,0.35,24/7,5.72,61,ChargePoint,50,"CHAdeMO, Type 2",2014,Yes,3.1,2,Quarterly
EVS03401,53.467248,-130.470855,"7565 Random Rd, City 498, Country",DC Fast Charger,0.38,24/7,12.41,16,Greenlots,350,"CHAdeMO, CCS",2023,No,3.0,5,Monthly
EVS03411,-5.837602,-20.99889,"6488 Random Rd, City 395, Country",AC Level 1,0.21,24/7,10.47,10,Tesla,350,CHAdeMO,2020,Yes,4.4,8,Quarterly
EVS03421,-25.859394,140.080777,"2255 Random Rd, City 366, Country",AC Level 2,0.49,6:00-22:00,0.89,28,ChargePoint,150,"Type 2, CCS",2014,Yes,4.9,3,Quarterly
EVS03431,-76.234303,-173.829008,"7615 Random Rd, City 275, Country",AC Level 1,0.18,6:00-22:00,16.12,100,EVgo,50,Type 2,2019,No,3.3,2,Annually
EVS03441,-73.508717,-41.912765,"9283 Random Rd, City 459, Country",AC Level 2,0.32,9:00-18:00,11.18,81,Ionity,150,Tesla,2020,No,3.1,6,Annually
EVS03451,47.876675,-44.107238,"2333 Random Rd, City 173, Country",AC Level 1,0.19,9:00-18:00,1.12,80,ChargePoint,350,CHAdeMO,2020,No,3.6,5,Monthly
EVS03461,42.751267,-151.454761,"4691 Random Rd, City 146, Country",AC Level 2,0.24,24/7,12.54,29,Tesla,350,CCS,2012,No,5.0,2,Annually
EVS03471,-60.448602,100.410321,"7659 Random Rd, City 428, Country",DC Fast Charger,0.3,9:00-18:00,6.18,75,ChargePoint,350,"Type 2, CCS",2012,Yes,3.5,4,Quarterly
EVS03481,47.845237,119.345253,"773 Random Rd, City 27, Country",DC Fast Charger,0.44,6:00-22:00,9.74,53,EVgo,150,"Type 2, CHAdeMO",2018,Yes,4.3,6,Annually
EVS03491,-40.027366,-173.514583,"7355 Random Rd, City 213, Country",AC Level 1,0.29,24/7,13.63,89,Ionity,350,"Type 2, Tesla",2021,Yes,3.5,10,Quarterly
EVS03501,52.294718,-133.12395,"2088 Random Rd, City 348, Country",AC Level 2,0.33,6:00-22:00,8.34,21,EVgo,50,CHAdeMO,2015,Yes,3.7,7,Quarterly
EVS03511,-54.07591,159.464693,"9433 Random Rd, City 277, Country",AC Level 1,0.38,6:00-22:00,4.41,50,ChargePoint,50,"Type 2, CHAdeMO",2018,Yes,3.1,3,Monthly
EVS03521,-44.018847,-5.989441,"5306 Random Rd, City 65, Country",AC Level 2,0.48,24/7,14.91,28,Ionity,22,Type 2,2018,No,3.6,2,Annually
EVS03531,-16.292528,-80.31434,"5851 Random Rd, City 458, Country",DC Fast Charger,0.48,6:00-22:00,2.32,16,Tesla,150,CHAdeMO,2023,Yes,4.7,7,Quarterly
EVS03541,36.194788,83.57719,"8191 Random Rd, City 324, Country",AC Level 1,0.2,24/7,18.4,44,ChargePoint,50,Type 2,2022,Yes,4.8,5,Quarterly
EVS03551,67.716284,103.489222,"7989 Random Rd, City 182, Country",DC Fast Charger,0.42,24/7,11.29,84,Greenlots,22,Type 2,2018,Yes,3.3,9,Quarterly
EVS03561,86.982698,96.29512,"8624 Random Rd, City 213, Country",AC Level 2,0.39,24/7,19.06,69,Greenlots,150,Type 2,2013,Yes,4.2,1,Monthly
EVS03571,-23.266422,27.737648,"2129 Random Rd, City 13, Country",AC Level 2,0.3,9:00-18:00,5.64,62,Tesla,150,CCS,2011,Yes,3.7,2,Annually
EVS03581,70.461515,-84.846864,"2886 Random Rd, City 276, Country",DC Fast Charger,0.31,9:00-18:00,14.93,68,Ionity,150,CCS,2019,No,3.5,9,Monthly
EVS03591,67.048977,152.450104,"6206 Random Rd, City 182, Country",AC Level 1,0.2,24/7,14.09,18,Greenlots,22,"Type 2, Tesla",2019,No,3.8,9,Monthly
EVS03601,-51.036539,23.656377,"475 Random Rd, City 405, Country",AC Level 1,0.48,6:00-22:00,17.72,98,ChargePoint,22,"Type 2, CHAdeMO",2013,Yes,4.5,10,Monthly
EVS03611,-61.110345,87.353726,"9147 Random Rd, City 227, Country",AC Level 1,0.26,9:00-18:00,16.07,25,EVgo,50,"Type 2, CHAdeMO",2010,Yes,3.9,2,Monthly
EVS03621,-76.865656,-175.089647,"7584 Random Rd, City 283, Country",DC Fast Charger,0.41,24/7,13.5,68,Tesla,22,"CCS, Tesla",2023,Yes,4.4,6,Quarterly
EVS03631,-84.194938,92.571886,"9555 Random Rd, City 258, Country",AC Level 2,0.36,24/7,5.39,37,Tesla,50,CCS,2022,Yes,4.6,5,Annually
EVS03641,-30.272154,131.101676,"2441 Random Rd, City 133, Country",AC Level 2,0.29,9:00-18:00,11.82,89,Ionity,150,CHAdeMO,2011,No,4.1,6,Quarterly
EVS03651,-28.428506,162.169756,"7681 Random Rd, City 343, Country",AC Level 2,0.15,24/7,13.82,93,Greenlots,150,CCS,2023,No,4.4,6,Quarterly
EVS03661,-39.360859,-15.687106,"8473 Random Rd, City 391, Country",AC Level 1,0.38,6:00-22:00,18.03,81,ChargePoint,350,"CHAdeMO, Tesla",2013,No,4.6,10,Monthly
EVS03671,-1.423696,25.802269,"3991 Random Rd, City 95, Country",AC Level 1,0.31,24/7,18.16,99,Ionity,150,CHAdeMO,2018,Yes,3.8,9,Monthly
EVS03681,-38.034347,-134.854418,"3106 Random Rd, City 200, Country",AC Level 1,0.44,6:00-22:00,15.31,30,ChargePoint,50,"Tesla, CCS",2016,Yes,4.6,9,Monthly
EVS03691,-84.785423,142.811336,"6377 Random Rd, City 488, Country",DC Fast Charger,0.15,9:00-18:00,12.42,89,ChargePoint,22,"CCS, Type 2",2011,Yes,4.5,10,Annually
EVS03701,61.37953,-151.121796,"8592 Random Rd, City 405, Country",AC Level 2,0.36,24/7,3.43,38,ChargePoint,22,CCS,2022,Yes,3.4,10,Quarterly
EVS03711,22.272513,165.88046,"498 Random Rd, City 206, Country",DC Fast Charger,0.26,24/7,1.28,71,Ionity,50,"Tesla, Type 2",2016,No,4.5,3,Monthly
EVS03721,49.474423,165.257598,"1383 Random Rd, City 468, Country",AC Level 2,0.25,24/7,14.46,25,ChargePoint,22,CCS,2020,No,4.9,1,Monthly
EVS03731,-72.344133,-52.680918,"3459 Random Rd, City 411, Country",DC Fast Charger,0.45,9:00-18:00,18.18,58,Greenlots,150,"Type 2, CHAdeMO",2022,Yes,4.1,3,Annually
EVS03741,-69.451331,-69.533304,"5851 Random Rd, City 99, Country",DC Fast Charger,0.39,9:00-18:00,13.18,27,Tesla,22,"Type 2, CHAdeMO",2021,Yes,3.5,6,Monthly
EVS03751,-79.91469,158.669716,"1333 Random Rd, City 390, Country",AC Level 2,0.18,9:00-18:00,5.21,92,Tesla,150,Tesla,2012,No,4.6,3,Quarterly
EVS03761,-3.220694,-115.729543,"2688 Random Rd, City 244, Country",DC Fast Charger,0.18,9:00-18:00,3.66,99,EVgo,150,CCS,2010,No,3.8,5,Quarterly
EVS03771,-33.856273,-134.372112,"1983 Random Rd, City 310, Country",DC Fast Charger,0.29,9:00-18:00,2.33,29,Tesla,22,"Type 2, Tesla",2017,No,4.1,8,Annually
EVS03781,71.352525,81.70305,"8842 Random Rd, City 435, Country",DC Fast Charger,0.26,6:00-22:00,4.9,15,Ionity,22,"Type 2, Tesla",2013,Yes,4.0,10,Annually
EVS03791,80.25115,-93.966758,"5991 Random Rd, City 235, Country",DC Fast Charger,0.21,6:00-22:00,4.7,50,Greenlots,150,"Tesla, Type 2",2022,Yes,3.0,10,Monthly
EVS03801,-77.87382,-32.827369,"5816 Random Rd, City 417, Country",AC Level 2,0.36,24/7,10.64,59,ChargePoint,22,"CCS, Tesla",2022,Yes,3.6,3,Monthly
EVS03811,-88.977849,42.804699,"9242 Random Rd, City 330, Country",AC Level 2,0.29,9:00-18:00,14.88,55,Ionity,50,CCS,2022,No,4.4,3,Monthly
EVS03821,43.478488,-124.703595,"5808 Random Rd, City 447, Country",AC Level 1,0.4,9:00-18:00,13.19,19,Greenlots,22,Tesla,2017,Yes,4.4,9,Quarterly
EVS03831,-68.550295,39.052072,"4687 Random Rd, City 50, Country",DC Fast Charger,0.16,9:00-18:00,11.69,80,ChargePoint,50,CHAdeMO,2012,No,4.3,9,Annually
EVS03841,62.115856,-155.178192,"7162 Random Rd, City 78, Country",AC Level 2,0.18,9:00-18:00,19.7,100,Ionity,50,Type 2,2011,No,4.5,5,Monthly
EVS03851,-85.337842,-60.462181,"8842 Random Rd, City 465, Country",AC Level 2,0.22,9:00-18:00,18.48,75,Greenlots,150,"Tesla, CHAdeMO",2014,No,4.3,10,Monthly
EVS03861,-7.458652,-16.851404,"2064 Random Rd, City 172, Country",AC Level 2,0.28,6:00-22:00,19.92,56,Greenlots,350,CCS,2021,No,3.6,6,Monthly
EVS03871,76.74619,-49.968628,"5180 Random Rd, City 95, Country",DC Fast Charger,0.23,24/7,10.54,68,ChargePoint,150,"CHAdeMO, CCS",2014,Yes,4.5,3,Quarterly
EVS03881,-14.308617,-69.373809,"517 Random Rd, City 351, Country",AC Level 2,0.36,24/7,9.82,31,Ionity,50,CHAdeMO,2023,No,4.5,7,Quarterly
EVS03891,63.148286,108.478919,"4596 Random Rd, City 238, Country",DC Fast Charger,0.25,9:00-18:00,10.06,58,ChargePoint,22,Type 2,2021,Yes,4.5,2,Quarterly
EVS03901,75.076713,76.665902,"8297 Random Rd, City 150, Country",DC Fast Charger,0.23,9:00-18:00,9.21,64,EVgo,350,"Tesla, CHAdeMO",2014,No,4.2,6,Annually
EVS03911,50.885737,-71.778303,"7803 Random Rd, City 326, Country",AC Level 1,0.5,6:00-22:00,6.15,93,EVgo,50,"Tesla, CHAdeMO",2020,No,5.0,8,Annually
EVS03921,17.834372,150.272148,"8766 Random Rd, City 205, Country",DC Fast Charger,0.25,6:00-22:00,19.47,63,Ionity,150,"CHAdeMO, Type 2",2019,No,4.5,1,Quarterly
EVS03931,4.214819,84.211564,"7303 Random Rd, City 494, Country",DC Fast Charger,0.4,6:00-22:00,10.35,57,Tesla,150,CCS,2019,Yes,3.7,4,Quarterly
EVS03941,85.271449,80.544974,"3193 Random Rd, City 327, Country",AC Level 2,0.3,6:00-22:00,18.16,69,Tesla,350,Tesla,2022,Yes,4.1,4,Quarterly
EVS03951,81.512248,-164.273301,"945 Random Rd, City 483, Country",AC Level 2,0.12,6:00-22:00,15.13,87,ChargePoint,22,Tesla,2022,Yes,4.4,10,Quarterly
EVS03961,75.66911,142.347309,"8086 Random Rd, City 100, Country",AC Level 2,0.41,9:00-18:00,10.56,44,EVgo,50,CHAdeMO,2016,Yes,3.7,3,Monthly
EVS03971,-38.613951,170.10341,"4830 Random Rd, City 36, Country",AC Level 2,0.24,6:00-22:00,14.44,68,Tesla,50,Tesla,2014,Yes,5.0,10,Quarterly
EVS03981,57.401806,169.500201,"2963 Random Rd, City 148, Country",AC Level 2,0.21,24/7,10.37,60,EVgo,22,CHAdeMO,2023,No,4.5,10,Quarterly
EVS03991,42.237039,-171.433665,"1990 Random Rd, City 256, Country",DC Fast Charger,0.4,9:00-18:00,2.59,84,Ionity,350,CHAdeMO,2010,No,3.5,8,Quarterly
EVS04001,34.519629,54.772326,"2462 Random Rd, City 134, Country",AC Level 2,0.22,9:00-18:00,18.29,82,EVgo,150,"Type 2, CCS",2020,No,4.1,4,Annually
EVS04011,-60.426199,-160.377322,"2927 Random Rd, City 211, Country",DC Fast Charger,0.33,6:00-22:00,1.53,45,Greenlots,150,"CHAdeMO, Tesla",2013,Yes,3.4,6,Quarterly
EVS04021,-53.234064,-127.573339,"3183 Random Rd, City 61, Country",AC Level 1,0.21,9:00-18:00,4.51,38,Greenlots,150,"Type 2, CHAdeMO",2010,Yes,3.0,4,Quarterly
EVS04031,-52.667416,-61.426994,"7434 Random Rd, City 156, Country",AC Level 1,0.12,24/7,12.96,61,Ionity,350,"Tesla, CCS",2012,No,4.8,10,Monthly
EVS04041,-5.787975,-152.891124,"5769 Random Rd, City 377, Country",DC Fast Charger,0.45,24/7,12.5,33,Greenlots,350,"Tesla, Type 2",2012,No,4.6,7,Monthly
EVS04051,39.837547,15.966128,"1640 Random Rd, City 306, Country",AC Level 1,0.38,6:00-22:00,4.85,63,Ionity,22,Type 2,2016,Yes,4.1,8,Monthly
EVS04061,40.215234,-99.01373,"3016 Random Rd, City 97, Country",AC Level 1,0.35,6:00-22:00,16.61,95,EVgo,22,CHAdeMO,2023,Yes,3.1,10,Monthly
EVS04071,-8.901364,163.008281,"4805 Random Rd, City 187, Country",AC Level 1,0.4,24/7,17.38,82,EVgo,150,"Type 2, CHAdeMO",2019,No,3.8,7,Annually
EVS04081,-31.097041,154.165787,"4049 Random Rd, City 326, Country",AC Level 1,0.11,9:00-18:00,10.99,43,Ionity,350,CHAdeMO,2022,No,3.9,1,Annually
EVS04091,-33.001935,68.414201,"540 Random Rd, City 432, Country",AC Level 2,0.32,9:00-18:00,19.9,90,Tesla,50,Type 2,2011,No,4.7,8,Annually
EVS04101,-15.963342,-97.359688,"6953 Random Rd, City 442, Country",AC Level 1,0.23,24/7,18.91,74,Tesla,350,CCS,2016,No,4.0,8,Quarterly
EVS04111,59.592944,151.165395,"7401 Random Rd, City 48, Country",AC Level 1,0.23,24/7,14.15,97,Ionity,50,"Tesla, CCS",2023,Yes,4.8,9,Quarterly
EVS04121,57.190663,108.83085,"4052 Random Rd, City 242, Country",AC Level 2,0.3,6:00-22:00,7.59,55,Ionity,150,"Type 2, CCS",2019,Yes,3.3,6,Monthly
EVS04131,77.338003,-55.633458,"3283 Random Rd, City 99, Country",DC Fast Charger,0.31,9:00-18:00,5.64,26,Greenlots,350,"Tesla, CHAdeMO",2014,No,4.2,6,Monthly
EVS04141,-9.062448,-125.842716,"4904 Random Rd, City 184, Country",AC Level 2,0.46,9:00-18:00,16.66,94,ChargePoint,22,"CHAdeMO, Tesla",2012,Yes,3.5,10,Annually
EVS04151,-89.091257,-149.999355,"1031 Random Rd, City 438, Country",AC Level 2,0.19,9:00-18:00,7.45,35,Tesla,22,CCS,2023,Yes,3.2,9,Annually
EVS04161,52.430733,18.553479,"1176 Random Rd, City 316, Country",AC Level 2,0.39,24/7,8.69,63,Tesla,350,"CCS, Tesla",2013,No,3.2,4,Monthly
EVS04171,70.06888,-80.963845,"2349 Random Rd, City 127, Country",AC Level 2,0.26,9:00-18:00,3.06,45,EVgo,22,CCS,2019,No,4.4,5,Annually
EVS04181,30.015838,-49.806328,"4651 Random Rd, City 80, Country",AC Level 2,0.24,9:00-18:00,2.98,47,Greenlots,350,CCS,2020,Yes,3.7,2,Monthly
EVS04191,80.454274,-78.801932,"3111 Random Rd, City 30, Country",AC Level 1,0.24,6:00-22:00,8.06,66,Ionity,22,CCS,2020,Yes,4.1,5,Annually
EVS04201,78.958744,-121.466317,"3295 Random Rd, City 17, Country",AC Level 1,0.19,6:00-22:00,13.61,42,ChargePoint,50,Type 2,2017,No,3.4,10,Quarterly
EVS04211,80.302769,-60.510624,"4135 Random Rd, City 448, Country",AC Level 1,0.23,9:00-18:00,13.92,55,Ionity,350,"Tesla, CHAdeMO",2016,Yes,4.2,6,Monthly
EVS04221,30.531187,148.298892,"1698 Random Rd, City 46, Country",AC Level 1,0.32,9:00-18:00,14.17,67,Tesla,50,"CCS, Type 2",2011,Yes,3.3,7,Monthly
EVS04231,58.060664,-62.99194,"7750 Random Rd, City 351, Country",AC Level 2,0.11,9:00-18:00,13.84,85,ChargePoint,50,Tesla,2021,No,4.9,7,Annually
EVS04241,73.810736,-55.068081,"9686 Random Rd, City 317, Country",DC Fast Charger,0.21,9:00-18:00,10.29,26,EVgo,150,"CCS, Type 2",2023,No,4.3,7,Monthly
EVS04251,-77.145813,-55.253251,"7713 Random Rd, City 442, Country",AC Level 1,0.39,9:00-18:00,1.05,96,Tesla,350,Tesla,2016,Yes,4.7,6,Monthly
EVS04261,-3.032094,87.998451,"5955 Random Rd, City 140, Country",DC Fast Charger,0.22,9:00-18:00,5.79,45,Ionity,350,"Type 2, CCS",2021,Yes,5.0,7,Annually
EVS04271,-9.657949,-101.266162,"6953 Random Rd, City 177, Country",DC Fast Charger,0.17,9:00-18:00,16.73,26,EVgo,150,CHAdeMO,2019,Yes,4.7,9,Annually
EVS04281,2.535024,6.820657,"7817 Random Rd, City 308, Country",AC Level 1,0.16,6:00-22:00,18.26,72,EVgo,50,"Type 2, CCS",2023,Yes,4.1,4,Monthly
EVS04291,5.384647,54.856679,"933 Random Rd, City 434, Country",DC Fast Charger,0.16,24/7,12.48,86,Tesla,350,CCS,2012,No,3.7,3,Monthly
EVS04301,-23.224285,59.329849,"6486 Random Rd, City 437, Country",AC Level 1,0.28,6:00-22:00,17.6,26,ChargePoint,350,"Tesla, CCS",2018,Yes,3.5,8,Quarterly
EVS04311,-69.135551,-99.497088,"1142 Random Rd, City 150, Country",AC Level 2,0.29,6:00-22:00,10.62,15,ChargePoint,22,"Tesla, Type 2",2013,No,3.4,9,Quarterly
EVS04321,87.399058,-86.176008,"5287 Random Rd, City 223, Country",DC Fast Charger,0.32,6:00-22:00,5.7,97,Tesla,350,Tesla,2011,Yes,4.0,4,Monthly
EVS04331,-58.959723,82.243897,"5917 Random Rd, City 46, Country",AC Level 1,0.22,9:00-18:00,6.63,60,Tesla,22,"CCS, CHAdeMO",2015,No,3.2,9,Annually
EVS04341,42.069501,147.743399,"975 Random Rd, City 49, Country",AC Level 2,0.27,24/7,2.4,76,Tesla,350,CCS,2022,Yes,4.8,2,Annually
EVS04351,88.045229,-76.948244,"5360 Random Rd, City 123, Country",AC Level 2,0.11,9:00-18:00,15.77,80,ChargePoint,50,"CHAdeMO, Type 2",2022,Yes,3.4,4,Quarterly
EVS04361,62.14427,-10.512384,"6469 Random Rd, City 335, Country",AC Level 2,0.16,6:00-22:00,4.18,26,EVgo,22,"CCS, CHAdeMO",2023,No,4.1,8,Annually
EVS04371,55.611624,-6.613863,"5683 Random Rd, City 412, Country",DC Fast Charger,0.45,24/7,6.25,96,EVgo,150,"CCS, Type 2",2022,Yes,5.0,9,Quarterly
EVS04381,-71.725579,82.174903,"381 Random Rd, City 421, Country",DC Fast Charger,0.45,9:00-18:00,4.41,26,Greenlots,50,CHAdeMO,2019,Yes,3.4,9,Annually
EVS04391,17.045549,-140.799951,"8828 Random Rd, City 358, Country",AC Level 2,0.19,24/7,2.9,36,EVgo,50,Tesla,2020,No,3.1,9,Annually
EVS04401,-43.097675,-7.997793,"9573 Random Rd, City 298, Country",AC Level 1,0.39,9:00-18:00,5.65,80,ChargePoint,22,"Type 2, CHAdeMO",2012,No,4.3,4,Monthly
EVS04411,-72.081241,-178.870028,"8455 Random Rd, City 424, Country",AC Level 1,0.22,9:00-18:00,3.01,66,Ionity,50,"Tesla, CCS",2012,Yes,4.8,1,Quarterly
EVS04421,36.320958,6.973121,"6690 Random Rd, City 307, Country",AC Level 1,0.47,24/7,11.99,95,Ionity,150,CCS,2012,Yes,3.8,7,Quarterly
EVS04431,-56.230404,81.655989,"9060 Random Rd, City 263, Country",DC Fast Charger,0.45,6:00-22:00,19.42,100,EVgo,50,CHAdeMO,2015,No,4.4,6,Annually
EVS04441,-57.76248,-0.296456,"4276 Random Rd, City 300, Country",AC Level 1,0.39,24/7,17.13,31,Tesla,350,"CCS, CHAdeMO",2013,No,4.9,6,Quarterly
EVS04451,-37.706151,-35.105313,"3197 Random Rd, City 487, Country",AC Level 1,0.11,24/7,9.97,11,Ionity,50,"CCS, Tesla",2012,No,3.3,2,Annually
EVS04461,-31.260148,-54.791356,"1005 Random Rd, City 281, Country",AC Level 1,0.12,9:00-18:00,15.3,43,Tesla,22,"CHAdeMO, Type 2",2011,No,3.8,10,Monthly
EVS04471,84.497991,45.114904,"2750 Random Rd, City 224, Country",AC Level 2,0.1,6:00-22:00,5.17,13,Greenlots,50,CHAdeMO,2011,No,4.2,1,Monthly
EVS04481,-30.63354,-55.962742,"8527 Random Rd, City 135, Country",AC Level 1,0.36,9:00-18:00,17.13,31,Tesla,150,Type 2,2015,No,4.7,3,Quarterly
EVS04491,-33.002988,-15.871847,"1440 Random Rd, City 481, Country",AC Level 2,0.11,24/7,11.48,96,Ionity,150,"Type 2, CCS",2015,Yes,4.6,10,Quarterly
EVS04501,-58.475451,63.689237,"8618 Random Rd, City 61, Country",AC Level 1,0.37,6:00-22:00,11.54,99,Tesla,50,"Type 2, Tesla",2011,Yes,3.7,1,Quarterly
EVS04511,17.444346,76.391418,"7842 Random Rd, City 333, Country",AC Level 1,0.4,6:00-22:00,3.81,14,Greenlots,150,Tesla,2021,Yes,4.4,2,Monthly
EVS04521,-84.803245,110.332625,"9592 Random Rd, City 184, Country",AC Level 2,0.26,6:00-22:00,6.63,53,ChargePoint,350,"CCS, Type 2",2021,Yes,3.9,2,Quarterly
EVS04531,-85.015682,-13.869819,"2824 Random Rd, City 277, Country",AC Level 1,0.42,6:00-22:00,11.83,98,ChargePoint,350,"CCS, Tesla",2023,No,4.4,5,Annually
EVS04541,51.750888,39.714471,"7039 Random Rd, City 480, Country",AC Level 1,0.49,6:00-22:00,5.21,38,Ionity,150,"CHAdeMO, CCS",2013,No,4.7,9,Annually
EVS04551,-65.203237,98.709201,"7163 Random Rd, City 363, Country",AC Level 2,0.49,24/7,15.42,76,ChargePoint,150,Tesla,2018,Yes,4.1,4,Quarterly
EVS04561,-9.67839,-85.881838,"920 Random Rd, City 243, Country",AC Level 1,0.24,9:00-18:00,9.11,61,Ionity,50,CCS,2022,Yes,4.7,7,Quarterly
EVS04571,-69.429251,-1.035228,"3169 Random Rd, City 182, Country",DC Fast Charger,0.14,6:00-22:00,5.62,60,Ionity,22,CHAdeMO,2013,Yes,4.4,6,Quarterly
EVS04581,89.464534,-133.778727,"8158 Random Rd, City 130, Country",DC Fast Charger,0.17,9:00-18:00,12.35,40,ChargePoint,350,Tesla,2022,Yes,3.7,10,Quarterly
EVS04591,-89.578853,-52.465195,"2220 Random Rd, City 308, Country",AC Level 2,0.17,6:00-22:00,2.04,100,EVgo,22,"CCS, Tesla",2019,Yes,4.0,8,Quarterly
EVS04601,-31.193738,-51.245314,"3744 Random Rd, City 66, Country",AC Level 2,0.19,9:00-18:00,8.85,91,Tesla,350,"CCS, Type 2",2015,Yes,3.7,2,Monthly
EVS04611,72.685324,37.289059,"3941 Random Rd, City 399, Country",AC Level 1,0.2,9:00-18:00,19.84,89,ChargePoint,350,"CCS, Tesla",2010,No,3.7,5,Monthly
EVS04621,-53.0981,81.621956,"8758 Random Rd, City 297, Country",DC Fast Charger,0.14,9:00-18:00,10.85,39,Tesla,22,Type 2,2023,No,5.0,2,Annually
EVS04631,83.59566,159.582306,"2852 Random Rd, City 269, Country",AC Level 2,0.11,24/7,14.54,21,Tesla,22,Type 2,2010,No,4.8,1,Quarterly
EVS04641,80.781849,74.898134,"5190 Random Rd, City 277, Country",AC Level 2,0.21,24/7,8.58,70,Tesla,350,CHAdeMO,2010,Yes,3.9,8,Quarterly
EVS04651,-68.813836,94.415204,"6748 Random Rd, City 234, Country",AC Level 2,0.32,6:00-22:00,7.39,61,Tesla,22,CCS,2012,No,4.8,1,Quarterly
EVS04661,-22.224218,66.952682,"8976 Random Rd, City 436, Country",DC Fast Charger,0.12,24/7,9.17,48,Greenlots,22,CHAdeMO,2015,Yes,3.3,7,Quarterly
EVS04671,19.319202,-116.272202,"4919 Random Rd, City 138, Country",AC Level 1,0.35,6:00-22:00,15.37,90,Ionity,50,"Type 2, CCS",2019,No,4.5,10,Annually
EVS04681,-68.658005,160.676119,"6360 Random Rd, City 194, Country",AC Level 2,0.28,6:00-22:00,13.97,41,EVgo,150,Type 2,2011,Yes,4.9,10,Quarterly
EVS04691,-58.309261,-71.468838,"6207 Random Rd, City 391, Country",DC Fast Charger,0.3,6:00-22:00,16.85,44,EVgo,350,"CHAdeMO, Type 2",2020,No,3.4,5,Annually
EVS04701,4.550093,-100.123791,"3355 Random Rd, City 69, Country",AC Level 1,0.48,9:00-18:00,13.03,53,Ionity,350,CCS,2021,No,3.7,10,Monthly
EVS04711,3.602772,86.984603,"5709 Random Rd, City 393, Country",AC Level 1,0.47,24/7,9.71,62,ChargePoint,150,"CCS, CHAdeMO",2012,Yes,4.7,3,Quarterly
EVS04721,84.520228,42.282775,"7460 Random Rd, City 305, Country",AC Level 2,0.28,6:00-22:00,16.77,22,Greenlots,150,"Type 2, CHAdeMO",2020,Yes,3.4,5,Monthly
EVS04731,-60.676361,-53.571792,"2924 Random Rd, City 298, Country",AC Level 1,0.49,6:00-22:00,7.79,17,Tesla,150,CHAdeMO,2019,No,3.6,6,Monthly
EVS04741,61.508984,-64.890876,"5149 Random Rd, City 129, Country",AC Level 2,0.24,6:00-22:00,11.93,79,Greenlots,350,"CHAdeMO, Type 2",2020,Yes,4.0,8,Monthly
EVS04751,86.040353,40.538309,"1979 Random Rd, City 330, Country",AC Level 2,0.19,9:00-18:00,18.8,86,Ionity,22,"CHAdeMO, Type 2",2020,Yes,3.8,8,Quarterly
EVS04761,56.385648,-169.688209,"7070 Random Rd, City 81, Country",AC Level 2,0.31,6:00-22:00,13.89,29,Greenlots,22,"CHAdeMO, CCS",2015,Yes,4.9,3,Annually
EVS04771,41.226074,-159.394956,"8672 Random Rd, City 372, Country",AC Level 2,0.29,9:00-18:00,4.21,17,EVgo,22,"Tesla, CHAdeMO",2019,Yes,4.0,7,Monthly
EVS04781,22.832964,63.242909,"3796 Random Rd, City 410, Country",DC Fast Charger,0.4,9:00-18:00,6.73,34,EVgo,22,"CHAdeMO, Tesla",2016,No,4.1,4,Quarterly
EVS04791,-16.144853,12.664335,"4443 Random Rd, City 36, Country",AC Level 2,0.36,24/7,14.61,62,Tesla,22,"CHAdeMO, Type 2",2013,No,3.6,2,Monthly
EVS04801,67.114372,15.524067,"5938 Random Rd, City 264, Country",AC Level 1,0.23,9:00-18:00,14.44,29,EVgo,50,CHAdeMO,2018,No,3.9,5,Monthly
EVS04811,-21.904218,101.077175,"5510 Random Rd, City 321, Country",AC Level 2,0.18,9:00-18:00,12.33,24,Ionity,350,"Type 2, Tesla",2011,No,3.9,2,Quarterly
EVS04821,58.930371,-80.919997,"6612 Random Rd, City 387, Country",DC Fast Charger,0.16,6:00-22:00,13.05,53,Greenlots,350,"CCS, Type 2",2020,No,4.1,2,Quarterly
EVS04831,-7.459383,-28.198704,"4794 Random Rd, City 129, Country",AC Level 2,0.49,9:00-18:00,13.88,92,EVgo,22,Tesla,2017,Yes,3.2,1,Annually
EVS04841,78.247442,-140.212488,"823 Random Rd, City 313, Country",AC Level 1,0.3,6:00-22:00,11.96,52,ChargePoint,150,"CCS, Tesla",2011,Yes,3.6,3,Annually
EVS04851,50.967746,147.080484,"9939 Random Rd, City 305, Country",DC Fast Charger,0.31,6:00-22:00,4.78,75,Tesla,50,CCS,2013,No,3.7,8,Monthly
EVS04861,55.507706,3.878294,"5722 Random Rd, City 375, Country",AC Level 2,0.22,24/7,5.89,54,EVgo,50,Type 2,2010,Yes,4.9,10,Annually
EVS04871,-16.946119,-82.920999,"5664 Random Rd, City 71, Country",DC Fast Charger,0.47,9:00-18:00,16.83,36,Tesla,50,Type 2,2023,Yes,3.7,6,Monthly
EVS04881,-58.640913,-106.820179,"3057 Random Rd, City 232, Country",AC Level 1,0.23,6:00-22:00,8.29,25,Greenlots,150,"CHAdeMO, Tesla",2014,No,4.3,4,Annually
EVS04891,-60.758144,-82.18439,"677 Random Rd, City 222, Country",AC Level 2,0.38,24/7,16.39,37,Tesla,350,Type 2,2022,Yes,4.6,6,Quarterly
EVS04901,72.550409,43.171901,"8937 Random Rd, City 248, Country",DC Fast Charger,0.36,24/7,11.9,36,Tesla,50,CCS,2018,Yes,4.3,8,Monthly
EVS04911,5.057037,122.231135,"3156 Random Rd, City 489, Country",AC Level 2,0.38,9:00-18:00,11.7,45,ChargePoint,150,"CCS, Type 2",2014,Yes,4.4,4,Monthly
EVS04921,80.766679,71.734375,"9853 Random Rd, City 342, Country",AC Level 1,0.17,9:00-18:00,16.4,68,Ionity,350,"Tesla, Type 2",2020,No,4.9,3,Quarterly
EVS04931,-77.662236,50.613629,"1290 Random Rd, City 387, Country",AC Level 1,0.42,24/7,13.31,79,Greenlots,350,"CCS, Type 2",2022,Yes,3.3,2,Quarterly
EVS04941,-57.659344,-164.766502,"715 Random Rd, City 449, Country",AC Level 2,0.35,24/7,0.87,60,Ionity,350,"Tesla, Type 2",2023,Yes,4.2,3,Quarterly
EVS04951,12.78101,66.15634,"6256 Random Rd, City 99, Country",AC Level 2,0.46,6:00-22:00,18.78,24,EVgo,22,CHAdeMO,2011,No,3.8,4,Annually
EVS04961,86.937008,109.054632,"8506 Random Rd, City 11, Country",AC Level 2,0.28,9:00-18:00,10.07,99,Greenlots,22,"Type 2, Tesla",2012,Yes,4.1,5,Quarterly
EVS04971,16.328035,69.512458,"5876 Random Rd, City 401, Country",AC Level 2,0.46,24/7,4.59,66,Ionity,50,CCS,2018,No,4.6,2,Quarterly
EVS04981,59.796982,31.709833,"7943 Random Rd, City 415, Country",DC Fast Charger,0.5,9:00-18:00,17.3,64,EVgo,22,Type 2,2016,Yes,3.1,1,Quarterly
EVS04991,53.747797,-13.057794,"9464 Random Rd, City 485, Country",DC Fast Charger,0.43,24/7,4.36,35,Greenlots,150,Tesla,2013,Yes,3.3,8,Quarterly
